Step,Requested_Page,Evicted_Page,Optimal_Page,Confidence,Correct,Explanation
7,5,3,3,0.0,True,The learned model selected the same eviction candidate as Optimal.
10,4,2,5,0.0,False,The learned model selected a different candidate from Optimal.
14,2,5,4,0.0,False,The learned model selected a different candidate from Optimal.
16,5,4,4,0.0,True,The learned model selected the same eviction candidate as Optimal.
22,4,1,1,0.0,True,The learned model selected the same eviction candidate as Optimal.
26,3,4,5,0.0,False,The learned model selected a different candidate from Optimal.
27,1,3,5,1.0,False,The learned model selected a different candidate from Optimal.
29,4,5,5,1.0,True,The learned model selected the same eviction candidate as Optimal.
30,3,1,4,0.0,False,The learned model selected a different candidate from Optimal.
35,1,3,2,0.4444444444444444,False,The learned model selected a different candidate from Optimal.
39,3,1,2,0.3333333333333333,False,The learned model selected a different candidate from Optimal.
41,5,3,2,0.6666666666666666,False,The learned model selected a different candidate from Optimal.
42,3,5,2,0.6666666666666666,False,The learned model selected a different candidate from Optimal.
43,1,3,2,0.8,False,The learned model selected a different candidate from Optimal.
45,5,4,2,0.36363636363636365,False,The learned model selected a different candidate from Optimal.
47,4,2,2,1.0,True,The learned model selected the same eviction candidate as Optimal.
50,3,1,4,0.17391304347826086,False,The learned model selected a different candidate from Optimal.
54,2,4,5,0.46153846153846156,False,The learned model selected a different candidate from Optimal.
55,1,3,5,0.4827586206896552,False,The learned model selected a different candidate from Optimal.
58,3,1,5,0.5,False,The learned model selected a different candidate from Optimal.
59,1,5,5,1.0,True,The learned model selected the same eviction candidate as Optimal.
62,4,1,1,0.6666666666666666,True,The learned model selected the same eviction candidate as Optimal.
71,1,3,3,0.75,True,The learned model selected the same eviction candidate as Optimal.
72,5,4,1,1.0,False,The learned model selected a different candidate from Optimal.
77,4,2,1,0.48484848484848486,False,The learned model selected a different candidate from Optimal.
79,3,1,4,1.0,False,The learned model selected a different candidate from Optimal.
81,2,3,5,0.48148148148148145,False,The learned model selected a different candidate from Optimal.
82,3,2,5,0.4583333333333333,False,The learned model selected a different candidate from Optimal.
83,1,4,5,0.6666666666666666,False,The learned model selected a different candidate from Optimal.
84,2,5,5,0.5652173913043478,True,The learned model selected the same eviction candidate as Optimal.
87,4,1,2,0.6086956521739131,False,The learned model selected a different candidate from Optimal.
89,1,2,4,1.0,False,The learned model selected a different candidate from Optimal.
90,2,3,1,0.6046511627906976,False,The learned model selected a different candidate from Optimal.
91,5,4,1,0.6086956521739131,False,The learned model selected a different candidate from Optimal.
92,3,5,1,0.625,False,The learned model selected a different candidate from Optimal.
94,4,3,1,0.6530612244897959,False,The learned model selected a different candidate from Optimal.
98,3,2,1,0.68,False,The learned model selected a different candidate from Optimal.
99,2,1,1,0.72,True,The learned model selected the same eviction candidate as Optimal.
101,5,4,2,0.8,False,The learned model selected a different candidate from Optimal.
105,4,3,2,0.358974358974359,False,The learned model selected a different candidate from Optimal.
108,3,4,4,0.35,True,The learned model selected the same eviction candidate as Optimal.
112,4,5,3,0.56,False,The learned model selected a different candidate from Optimal.
113,1,3,3,0.8,True,The learned model selected the same eviction candidate as Optimal.
119,5,1,2,0.8148148148148148,False,The learned model selected a different candidate from Optimal.
120,1,2,2,0.5714285714285714,True,The learned model selected the same eviction candidate as Optimal.
126,3,1,4,0.3333333333333333,False,The learned model selected a different candidate from Optimal.
128,1,4,4,0.5333333333333333,True,The learned model selected the same eviction candidate as Optimal.
135,4,5,5,0.5161290322580645,True,The learned model selected the same eviction candidate as Optimal.
136,2,1,3,0.7096774193548387,False,The learned model selected a different candidate from Optimal.
138,1,3,4,0.6896551724137931,False,The learned model selected a different candidate from Optimal.
139,3,2,4,0.6428571428571429,False,The learned model selected a different candidate from Optimal.
140,5,4,4,0.5,True,The learned model selected the same eviction candidate as Optimal.
141,2,3,3,0.4878048780487805,True,The learned model selected the same eviction candidate as Optimal.
144,3,5,1,0.5714285714285714,False,The learned model selected a different candidate from Optimal.
145,5,2,1,0.8,False,The learned model selected a different candidate from Optimal.
147,2,3,1,0.5714285714285714,False,The learned model selected a different candidate from Optimal.
149,3,1,1,0.7058823529411765,True,The learned model selected the same eviction candidate as Optimal.
153,1,3,2,0.6666666666666666,False,The learned model selected a different candidate from Optimal.
155,3,5,5,1.0,True,The learned model selected the same eviction candidate as Optimal.
156,4,2,2,0.64,True,The learned model selected the same eviction candidate as Optimal.
161,2,4,3,1.0,False,The learned model selected a different candidate from Optimal.
164,5,3,3,0.8888888888888888,True,The learned model selected the same eviction candidate as Optimal.
167,4,2,2,0.9090909090909091,True,The learned model selected the same eviction candidate as Optimal.
170,2,1,1,0.7619047619047619,True,The learned model selected the same eviction candidate as Optimal.
175,3,2,2,0.3157894736842105,True,The learned model selected the same eviction candidate as Optimal.
179,2,5,4,0.7368421052631579,False,The learned model selected a different candidate from Optimal.
180,5,2,4,0.5142857142857142,False,The learned model selected a different candidate from Optimal.
181,2,3,5,1.0,False,The learned model selected a different candidate from Optimal.
182,3,5,2,0.7058823529411765,False,The learned model selected a different candidate from Optimal.
186,5,2,3,0.6666666666666666,False,The learned model selected a different candidate from Optimal.
188,1,4,4,0.5161290322580645,True,The learned model selected the same eviction candidate as Optimal.
189,2,1,5,0.75,False,The learned model selected a different candidate from Optimal.
191,1,5,2,0.6875,False,The learned model selected a different candidate from Optimal.
194,5,1,3,0.6666666666666666,False,The learned model selected a different candidate from Optimal.
199,1,2,5,0.5853658536585366,False,The learned model selected a different candidate from Optimal.
202,2,1,5,0.5853658536585366,False,The learned model selected a different candidate from Optimal.
203,1,5,2,1.0,False,The learned model selected a different candidate from Optimal.
207,5,1,1,1.0,True,The learned model selected the same eviction candidate as Optimal.
210,4,2,3,0.6666666666666666,False,The learned model selected a different candidate from Optimal.
211,2,3,3,0.6341463414634146,True,The learned model selected the same eviction candidate as Optimal.
221,1,4,5,0.6666666666666666,False,The learned model selected a different candidate from Optimal.
223,4,1,5,0.5882352941176471,False,The learned model selected a different candidate from Optimal.
224,3,4,5,0.6341463414634146,False,The learned model selected a different candidate from Optimal.
225,4,3,5,0.6341463414634146,False,The learned model selected a different candidate from Optimal.
228,1,2,5,0.8571428571428571,False,The learned model selected a different candidate from Optimal.
232,3,5,4,0.8,False,The learned model selected a different candidate from Optimal.
234,2,1,1,0.5806451612903226,True,The learned model selected the same eviction candidate as Optimal.
237,5,2,3,0.631578947368421,False,The learned model selected a different candidate from Optimal.
239,2,3,5,0.5789473684210527,False,The learned model selected a different candidate from Optimal.
242,3,4,5,0.5,False,The learned model selected a different candidate from Optimal.
243,4,2,3,0.4827586206896552,False,The learned model selected a different candidate from Optimal.
244,2,3,3,0.631578947368421,True,The learned model selected the same eviction candidate as Optimal.
245,1,2,2,0.38095238095238093,True,The learned model selected the same eviction candidate as Optimal.
253,2,5,5,0.7333333333333333,True,The learned model selected the same eviction candidate as Optimal.
265,3,2,1,0.7333333333333333,False,The learned model selected a different candidate from Optimal.
269,5,4,1,0.8,False,The learned model selected a different candidate from Optimal.
270,4,3,5,0.6,False,The learned model selected a different candidate from Optimal.
271,2,4,4,1.0,True,The learned model selected the same eviction candidate as Optimal.
273,3,5,5,0.6153846153846154,True,The learned model selected the same eviction candidate as Optimal.
276,5,1,2,0.72,False,The learned model selected a different candidate from Optimal.
278,1,5,2,0.5555555555555556,False,The learned model selected a different candidate from Optimal.
282,5,1,3,0.4727272727272727,False,The learned model selected a different candidate from Optimal.
283,4,2,3,1.0,False,The learned model selected a different candidate from Optimal.
286,2,5,3,0.4782608695652174,False,The learned model selected a different candidate from Optimal.
287,1,4,3,0.8,False,The learned model selected a different candidate from Optimal.
288,5,2,3,0.46808510638297873,False,The learned model selected a different candidate from Optimal.
290,2,5,3,0.5660377358490566,False,The learned model selected a different candidate from Optimal.
292,5,3,3,1.0,True,The learned model selected the same eviction candidate as Optimal.
295,4,1,2,0.5945945945945946,False,The learned model selected a different candidate from Optimal.
296,1,2,4,0.6060606060606061,False,The learned model selected a different candidate from Optimal.
298,2,4,4,0.5357142857142857,True,The learned model selected the same eviction candidate as Optimal.
304,4,2,1,0.5106382978723404,False,The learned model selected a different candidate from Optimal.
308,3,5,5,1.0,True,The learned model selected the same eviction candidate as Optimal.
310,2,3,1,1.0,False,The learned model selected a different candidate from Optimal.
311,3,1,1,0.5185185185185185,True,The learned model selected the same eviction candidate as Optimal.
319,1,4,3,0.4878048780487805,False,The learned model selected a different candidate from Optimal.
321,4,3,3,0.32558139534883723,True,The learned model selected the same eviction candidate as Optimal.
322,5,2,4,0.5454545454545454,False,The learned model selected a different candidate from Optimal.
327,2,1,4,0.3783783783783784,False,The learned model selected a different candidate from Optimal.
329,3,4,5,0.6,False,The learned model selected a different candidate from Optimal.
332,1,3,5,0.42857142857142855,False,The learned model selected a different candidate from Optimal.
334,3,5,1,0.6285714285714286,False,The learned model selected a different candidate from Optimal.
337,4,1,2,0.42105263157894735,False,The learned model selected a different candidate from Optimal.
338,5,4,4,0.5384615384615384,True,The learned model selected the same eviction candidate as Optimal.
342,1,5,2,0.5925925925925926,False,The learned model selected a different candidate from Optimal.
343,5,1,2,0.5925925925925926,False,The learned model selected a different candidate from Optimal.
345,1,2,5,1.0,False,The learned model selected a different candidate from Optimal.
346,2,5,5,0.8,True,The learned model selected the same eviction candidate as Optimal.
350,5,3,1,0.631578947368421,False,The learned model selected a different candidate from Optimal.
352,3,1,1,0.6,True,The learned model selected the same eviction candidate as Optimal.
360,4,2,5,0.49056603773584906,False,The learned model selected a different candidate from Optimal.
362,1,3,5,0.6451612903225806,False,The learned model selected a different candidate from Optimal.
365,3,1,5,0.5185185185185185,False,The learned model selected a different candidate from Optimal.
366,1,4,5,0.2,False,The learned model selected a different candidate from Optimal.
369,2,1,1,0.4444444444444444,True,The learned model selected the same eviction candidate as Optimal.
372,4,2,3,0.5,False,The learned model selected a different candidate from Optimal.
376,1,3,4,0.5454545454545454,False,The learned model selected a different candidate from Optimal.
379,2,4,4,0.45901639344262296,True,The learned model selected the same eviction candidate as Optimal.
382,3,1,1,1.0,True,The learned model selected the same eviction candidate as Optimal.
386,4,2,5,0.5373134328358209,False,The learned model selected a different candidate from Optimal.
387,2,4,4,0.5294117647058824,True,The learned model selected the same eviction candidate as Optimal.
388,1,2,5,0.5294117647058824,False,The learned model selected a different candidate from Optimal.
393,2,1,5,0.5294117647058824,False,The learned model selected a different candidate from Optimal.
395,1,5,2,0.6666666666666666,False,The learned model selected a different candidate from Optimal.
397,5,2,3,0.5373134328358209,False,The learned model selected a different candidate from Optimal.
398,4,5,3,0.5294117647058824,False,The learned model selected a different candidate from Optimal.
399,5,3,3,0.7,True,The learned model selected the same eviction candidate as Optimal.
400,2,1,5,0.75,False,The learned model selected a different candidate from Optimal.
405,1,2,5,1.0,False,The learned model selected a different candidate from Optimal.
406,2,5,5,0.7272727272727273,True,The learned model selected the same eviction candidate as Optimal.
407,3,2,1,0.8,False,The learned model selected a different candidate from Optimal.
409,2,3,4,0.7368421052631579,False,The learned model selected a different candidate from Optimal.
410,3,1,4,0.7692307692307693,False,The learned model selected a different candidate from Optimal.
412,1,2,3,0.5714285714285714,False,The learned model selected a different candidate from Optimal.
416,2,4,1,0.7368421052631579,False,The learned model selected a different candidate from Optimal.
418,4,3,1,0.6666666666666666,False,The learned model selected a different candidate from Optimal.
419,3,4,4,0.6666666666666666,True,The learned model selected the same eviction candidate as Optimal.
425,4,1,2,0.5714285714285714,False,The learned model selected a different candidate from Optimal.
428,1,4,2,0.7,False,The learned model selected a different candidate from Optimal.
431,5,2,2,1.0,True,The learned model selected the same eviction candidate as Optimal.
432,4,5,1,0.6,False,The learned model selected a different candidate from Optimal.
433,5,4,4,0.5,True,The learned model selected the same eviction candidate as Optimal.
438,2,3,1,0.5333333333333333,False,The learned model selected a different candidate from Optimal.
440,3,5,2,0.6857142857142857,False,The learned model selected a different candidate from Optimal.
443,5,1,2,0.6666666666666666,False,The learned model selected a different candidate from Optimal.
444,4,2,2,0.8571428571428571,True,The learned model selected the same eviction candidate as Optimal.
450,1,3,3,0.6666666666666666,True,The learned model selected the same eviction candidate as Optimal.
453,2,4,5,0.6451612903225806,False,The learned model selected a different candidate from Optimal.
454,3,5,2,0.5365853658536586,False,The learned model selected a different candidate from Optimal.
456,4,1,3,0.5714285714285714,False,The learned model selected a different candidate from Optimal.
457,1,4,4,0.7619047619047619,True,The learned model selected the same eviction candidate as Optimal.
458,5,3,1,0.5185185185185185,False,The learned model selected a different candidate from Optimal.
461,3,2,2,0.7333333333333333,True,The learned model selected the same eviction candidate as Optimal.
462,4,3,5,0.7333333333333333,False,The learned model selected a different candidate from Optimal.
464,3,1,4,0.6666666666666666,False,The learned model selected a different candidate from Optimal.
467,1,3,4,0.6666666666666666,False,The learned model selected a different candidate from Optimal.
468,3,4,1,1.0,False,The learned model selected a different candidate from Optimal.
471,4,5,1,0.6451612903225806,False,The learned model selected a different candidate from Optimal.
475,5,1,1,1.0,True,The learned model selected the same eviction candidate as Optimal.
476,2,5,3,0.5070422535211268,False,The learned model selected a different candidate from Optimal.
481,5,2,2,0.625,True,The learned model selected the same eviction candidate as Optimal.
486,1,5,5,0.6,True,The learned model selected the same eviction candidate as Optimal.
489,2,3,1,0.5238095238095238,False,The learned model selected a different candidate from Optimal.
491,5,1,1,1.0,True,The learned model selected the same eviction candidate as Optimal.
493,3,5,5,0.4262295081967213,True,The learned model selected the same eviction candidate as Optimal.
498,5,2,3,0.56,False,The learned model selected a different candidate from Optimal.
500,2,4,4,0.56,True,The learned model selected the same eviction candidate as Optimal.
501,1,3,2,1.0,False,The learned model selected a different candidate from Optimal.
502,3,1,2,1.0,False,The learned model selected a different candidate from Optimal.
506,1,3,5,0.6428571428571429,False,The learned model selected a different candidate from Optimal.
508,3,2,5,0.6428571428571429,False,The learned model selected a different candidate from Optimal.
509,2,3,3,0.5,True,The learned model selected the same eviction candidate as Optimal.
515,4,2,2,0.5,True,The learned model selected the same eviction candidate as Optimal.
521,2,1,5,0.5230769230769231,False,The learned model selected a different candidate from Optimal.
527,1,2,5,0.6428571428571429,False,The learned model selected a different candidate from Optimal.
530,2,4,1,0.6428571428571429,False,The learned model selected a different candidate from Optimal.
533,4,5,2,0.6428571428571429,False,The learned model selected a different candidate from Optimal.
535,5,1,4,0.5652173913043478,False,The learned model selected a different candidate from Optimal.
537,1,5,5,0.5957446808510638,True,The learned model selected the same eviction candidate as Optimal.
541,5,2,1,0.5945945945945946,False,The learned model selected a different candidate from Optimal.
544,3,5,1,0.5957446808510638,False,The learned model selected a different candidate from Optimal.
546,5,3,1,1.0,False,The learned model selected a different candidate from Optimal.
551,2,5,1,0.5384615384615384,False,The learned model selected a different candidate from Optimal.
554,3,1,1,1.0,True,The learned model selected the same eviction candidate as Optimal.
557,5,3,3,0.45454545454545453,True,The learned model selected the same eviction candidate as Optimal.
560,3,2,5,0.5789473684210527,False,The learned model selected a different candidate from Optimal.
562,1,5,4,0.45454545454545453,False,The learned model selected a different candidate from Optimal.
564,2,3,4,0.5084745762711864,False,The learned model selected a different candidate from Optimal.
565,3,2,4,0.5084745762711864,False,The learned model selected a different candidate from Optimal.
568,5,4,3,1.0,False,The learned model selected a different candidate from Optimal.
570,2,3,5,0.5172413793103449,False,The learned model selected a different candidate from Optimal.
573,4,1,5,0.5,False,The learned model selected a different candidate from Optimal.
576,1,5,2,1.0,False,The learned model selected a different candidate from Optimal.
579,3,2,2,0.5833333333333334,True,The learned model selected the same eviction candidate as Optimal.
580,5,4,3,0.4444444444444444,False,The learned model selected a different candidate from Optimal.
581,4,5,3,0.425531914893617,False,The learned model selected a different candidate from Optimal.
584,2,4,3,0.391304347826087,False,The learned model selected a different candidate from Optimal.
585,4,2,2,0.391304347826087,True,The learned model selected the same eviction candidate as Optimal.
587,5,4,3,0.6666666666666666,False,The learned model selected a different candidate from Optimal.
590,4,3,5,1.0,False,The learned model selected a different candidate from Optimal.
593,3,4,1,0.7,False,The learned model selected a different candidate from Optimal.
595,4,5,1,0.4166666666666667,False,The learned model selected a different candidate from Optimal.
597,5,4,1,0.6190476190476191,False,The learned model selected a different candidate from Optimal.
600,2,3,5,0.7272727272727273,False,The learned model selected a different candidate from Optimal.
601,4,5,5,0.7,True,The learned model selected the same eviction candidate as Optimal.
603,3,4,2,0.7317073170731707,False,The learned model selected a different candidate from Optimal.
604,4,1,2,0.5,False,The learned model selected a different candidate from Optimal.
606,1,4,2,0.7428571428571429,False,The learned model selected a different candidate from Optimal.
607,4,2,1,0.8,False,The learned model selected a different candidate from Optimal.
610,2,3,3,0.7586206896551724,True,The learned model selected the same eviction candidate as Optimal.
613,5,2,2,0.7586206896551724,True,The learned model selected the same eviction candidate as Optimal.
622,2,5,5,0.8,True,The learned model selected the same eviction candidate as Optimal.
626,3,2,1,0.7878787878787878,False,The learned model selected a different candidate from Optimal.
629,2,4,1,0.8,False,The learned model selected a different candidate from Optimal.
630,4,2,2,1.0,True,The learned model selected the same eviction candidate as Optimal.
640,5,1,4,1.0,False,The learned model selected a different candidate from Optimal.
641,1,3,4,0.5,False,The learned model selected a different candidate from Optimal.
642,3,1,4,0.7428571428571429,False,The learned model selected a different candidate from Optimal.
643,2,3,3,0.7222222222222222,True,The learned model selected the same eviction candidate as Optimal.
644,1,2,4,0.6666666666666666,False,The learned model selected a different candidate from Optimal.
647,2,1,4,0.7567567567567568,False,The learned model selected a different candidate from Optimal.
649,1,2,4,0.6976744186046512,False,The learned model selected a different candidate from Optimal.
651,2,1,5,0.6818181818181818,False,The learned model selected a different candidate from Optimal.
655,1,2,4,0.6666666666666666,False,The learned model selected a different candidate from Optimal.
657,2,4,1,0.5882352941176471,False,The learned model selected a different candidate from Optimal.
658,4,1,1,0.53125,True,The learned model selected the same eviction candidate as Optimal.
659,3,4,4,0.5230769230769231,True,The learned model selected the same eviction candidate as Optimal.
664,1,3,5,0.5573770491803278,False,The learned model selected a different candidate from Optimal.
666,3,1,2,0.6666666666666666,False,The learned model selected a different candidate from Optimal.
667,1,3,2,0.6666666666666666,False,The learned model selected a different candidate from Optimal.
670,3,1,1,0.5957446808510638,True,The learned model selected the same eviction candidate as Optimal.
672,4,2,3,1.0,False,The learned model selected a different candidate from Optimal.
674,2,3,4,0.5106382978723404,False,The learned model selected a different candidate from Optimal.
675,1,2,4,0.5106382978723404,False,The learned model selected a different candidate from Optimal.
677,2,5,4,0.6086956521739131,False,The learned model selected a different candidate from Optimal.
679,3,4,2,0.75,False,The learned model selected a different candidate from Optimal.
680,5,1,2,0.47619047619047616,False,The learned model selected a different candidate from Optimal.
681,1,5,2,0.46875,False,The learned model selected a different candidate from Optimal.
682,5,3,2,0.5777777777777777,False,The learned model selected a different candidate from Optimal.
684,3,2,2,0.5833333333333334,True,The learned model selected the same eviction candidate as Optimal.
686,4,3,5,0.6122448979591837,False,The learned model selected a different candidate from Optimal.
687,3,4,4,0.6,True,The learned model selected the same eviction candidate as Optimal.
692,4,3,5,0.5161290322580645,False,The learned model selected a different candidate from Optimal.
696,3,4,1,0.75,False,The learned model selected a different candidate from Optimal.
697,4,5,1,1.0,False,The learned model selected a different candidate from Optimal.
698,2,4,1,0.37037037037037035,False,The learned model selected a different candidate from Optimal.
699,4,2,1,0.6190476190476191,False,The learned model selected a different candidate from Optimal.
700,2,3,1,0.631578947368421,False,The learned model selected a different candidate from Optimal.
701,5,4,1,0.4482758620689655,False,The learned model selected a different candidate from Optimal.
702,3,2,1,0.7272727272727273,False,The learned model selected a different candidate from Optimal.
705,4,1,1,0.8571428571428571,True,The learned model selected the same eviction candidate as Optimal.
711,2,4,5,0.5714285714285714,False,The learned model selected a different candidate from Optimal.
712,1,2,5,0.8,False,The learned model selected a different candidate from Optimal.
714,4,5,1,0.7692307692307693,False,The learned model selected a different candidate from Optimal.
715,2,4,1,0.36363636363636365,False,The learned model selected a different candidate from Optimal.
716,4,1,2,0.7368421052631579,False,The learned model selected a different candidate from Optimal.
717,5,3,2,0.6666666666666666,False,The learned model selected a different candidate from Optimal.
720,3,2,5,1.0,False,The learned model selected a different candidate from Optimal.
721,1,4,5,0.5263157894736842,False,The learned model selected a different candidate from Optimal.
722,4,5,1,0.6666666666666666,False,The learned model selected a different candidate from Optimal.
724,2,1,1,0.6285714285714286,True,The learned model selected the same eviction candidate as Optimal.
731,5,2,4,0.6086956521739131,False,The learned model selected a different candidate from Optimal.
734,1,4,3,0.5909090909090909,False,The learned model selected a different candidate from Optimal.
736,2,3,3,0.8,True,The learned model selected the same eviction candidate as Optimal.
739,4,5,1,0.625,False,The learned model selected a different candidate from Optimal.
741,5,2,1,0.5,False,The learned model selected a different candidate from Optimal.
742,2,4,5,0.5777777777777777,False,The learned model selected a different candidate from Optimal.
743,4,1,5,0.8888888888888888,False,The learned model selected a different candidate from Optimal.
746,1,2,5,0.6046511627906976,False,The learned model selected a different candidate from Optimal.
748,3,5,1,0.5652173913043478,False,The learned model selected a different candidate from Optimal.
749,2,1,1,0.6086956521739131,True,The learned model selected the same eviction candidate as Optimal.
753,5,4,2,0.7272727272727273,False,The learned model selected a different candidate from Optimal.
755,4,5,2,0.8888888888888888,False,The learned model selected a different candidate from Optimal.
756,5,3,2,0.7777777777777778,False,The learned model selected a different candidate from Optimal.
758,3,4,2,0.7272727272727273,False,The learned model selected a different candidate from Optimal.
759,4,2,2,0.6122448979591837,True,The learned model selected the same eviction candidate as Optimal.
767,2,4,4,0.5925925925925926,True,The learned model selected the same eviction candidate as Optimal.
768,1,5,5,1.0,True,The learned model selected the same eviction candidate as Optimal.
772,5,1,1,0.6666666666666666,True,The learned model selected the same eviction candidate as Optimal.
776,4,5,2,0.7407407407407407,False,The learned model selected a different candidate from Optimal.
778,5,2,4,0.5555555555555556,False,The learned model selected a different candidate from Optimal.
782,1,5,4,0.5128205128205128,False,The learned model selected a different candidate from Optimal.
783,2,4,4,0.64,True,The learned model selected the same eviction candidate as Optimal.
790,5,1,1,0.5,True,The learned model selected the same eviction candidate as Optimal.
793,1,5,2,0.42857142857142855,False,The learned model selected a different candidate from Optimal.
795,5,2,1,0.6956521739130435,False,The learned model selected a different candidate from Optimal.
797,2,5,3,0.5882352941176471,False,The learned model selected a different candidate from Optimal.
798,4,2,2,0.5625,True,The learned model selected the same eviction candidate as Optimal.
801,5,3,1,1.0,False,The learned model selected a different candidate from Optimal.
802,3,5,5,0.6,True,The learned model selected the same eviction candidate as Optimal.
807,2,1,4,0.8571428571428571,False,The learned model selected a different candidate from Optimal.
808,1,2,2,0.6,True,The learned model selected the same eviction candidate as Optimal.
816,5,3,4,0.75,False,The learned model selected a different candidate from Optimal.
818,2,5,4,0.7142857142857143,False,The learned model selected a different candidate from Optimal.
820,5,2,4,0.7142857142857143,False,The learned model selected a different candidate from Optimal.
821,3,5,4,0.6666666666666666,False,The learned model selected a different candidate from Optimal.
823,2,4,3,0.7142857142857143,False,The learned model selected a different candidate from Optimal.
825,5,3,1,0.6666666666666666,False,The learned model selected a different candidate from Optimal.
826,4,1,1,0.8571428571428571,True,The learned model selected the same eviction candidate as Optimal.
835,3,5,2,1.0,False,The learned model selected a different candidate from Optimal.
836,5,2,2,0.7692307692307693,True,The learned model selected the same eviction candidate as Optimal.
841,1,5,4,0.6666666666666666,False,The learned model selected a different candidate from Optimal.
842,5,4,4,0.7692307692307693,True,The learned model selected the same eviction candidate as Optimal.
844,2,3,5,0.8888888888888888,False,The learned model selected a different candidate from Optimal.
846,3,5,5,0.6666666666666666,True,The learned model selected the same eviction candidate as Optimal.
851,5,3,3,0.7142857142857143,True,The learned model selected the same eviction candidate as Optimal.
855,4,1,2,0.3870967741935484,False,The learned model selected a different candidate from Optimal.
859,3,2,5,0.75,False,The learned model selected a different candidate from Optimal.
860,1,5,5,0.5641025641025641,True,The learned model selected the same eviction candidate as Optimal.
861,2,4,1,0.5853658536585366,False,The learned model selected a different candidate from Optimal.
864,4,2,3,0.9090909090909091,False,The learned model selected a different candidate from Optimal.
866,2,4,1,0.631578947368421,False,The learned model selected a different candidate from Optimal.
868,5,1,3,0.5909090909090909,False,The learned model selected a different candidate from Optimal.
870,4,2,3,0.6451612903225806,False,The learned model selected a different candidate from Optimal.
871,1,4,4,0.5581395348837209,True,The learned model selected the same eviction candidate as Optimal.
873,2,3,5,0.8888888888888888,False,The learned model selected a different candidate from Optimal.
875,3,2,5,0.6875,False,The learned model selected a different candidate from Optimal.
876,2,1,5,1.0,False,The learned model selected a different candidate from Optimal.
877,1,2,5,0.5581395348837209,False,The learned model selected a different candidate from Optimal.
879,2,1,1,0.4745762711864407,True,The learned model selected the same eviction candidate as Optimal.
884,4,2,2,0.7272727272727273,True,The learned model selected the same eviction candidate as Optimal.
885,1,5,5,0.5079365079365079,True,The learned model selected the same eviction candidate as Optimal.
890,5,1,3,0.5373134328358209,False,The learned model selected a different candidate from Optimal.
894,1,5,3,0.5294117647058824,False,The learned model selected a different candidate from Optimal.
895,5,1,3,0.5079365079365079,False,The learned model selected a different candidate from Optimal.
896,1,5,5,0.6153846153846154,True,The learned model selected the same eviction candidate as Optimal.
899,5,3,4,0.6666666666666666,False,The learned model selected a different candidate from Optimal.
900,3,5,4,0.6666666666666666,False,The learned model selected a different candidate from Optimal.
903,2,1,4,0.64,False,The learned model selected a different candidate from Optimal.
904,5,4,4,1.0,True,The learned model selected the same eviction candidate as Optimal.
906,1,5,2,0.5555555555555556,False,The learned model selected a different candidate from Optimal.
908,5,2,3,0.5555555555555556,False,The learned model selected a different candidate from Optimal.
910,2,5,1,0.6666666666666666,False,The learned model selected a different candidate from Optimal.
911,4,1,1,0.5714285714285714,True,The learned model selected the same eviction candidate as Optimal.
912,5,4,2,0.631578947368421,False,The learned model selected a different candidate from Optimal.
913,4,2,5,0.5217391304347826,False,The learned model selected a different candidate from Optimal.
915,2,5,3,1.0,False,The learned model selected a different candidate from Optimal.
916,5,4,2,0.3783783783783784,False,The learned model selected a different candidate from Optimal.
917,4,5,5,0.5714285714285714,True,The learned model selected the same eviction candidate as Optimal.
919,1,4,2,0.37037037037037035,False,The learned model selected a different candidate from Optimal.
920,4,1,2,0.36363636363636365,False,The learned model selected a different candidate from Optimal.
925,1,4,4,0.8,True,The learned model selected the same eviction candidate as Optimal.
928,4,3,2,0.5555555555555556,False,The learned model selected a different candidate from Optimal.
930,3,1,2,0.5,False,The learned model selected a different candidate from Optimal.
932,5,3,2,0.9230769230769231,False,The learned model selected a different candidate from Optimal.
933,1,5,2,0.5882352941176471,False,The learned model selected a different candidate from Optimal.
936,3,1,2,0.4782608695652174,False,The learned model selected a different candidate from Optimal.
939,1,4,3,1.0,False,The learned model selected a different candidate from Optimal.
940,4,1,3,0.5,False,The learned model selected a different candidate from Optimal.
941,5,4,3,0.7142857142857143,False,The learned model selected a different candidate from Optimal.
942,1,3,3,0.6153846153846154,True,The learned model selected the same eviction candidate as Optimal.
944,4,5,5,0.4888888888888889,True,The learned model selected the same eviction candidate as Optimal.
948,5,4,2,0.6923076923076923,False,The learned model selected a different candidate from Optimal.
949,3,2,2,1.0,True,The learned model selected the same eviction candidate as Optimal.
951,4,1,5,0.631578947368421,False,The learned model selected a different candidate from Optimal.
953,1,3,4,0.631578947368421,False,The learned model selected a different candidate from Optimal.
954,2,4,1,0.4186046511627907,False,The learned model selected a different candidate from Optimal.
955,3,2,1,0.64,False,The learned model selected a different candidate from Optimal.
957,2,3,5,0.43478260869565216,False,The learned model selected a different candidate from Optimal.
958,3,2,2,0.6363636363636364,True,The learned model selected the same eviction candidate as Optimal.
959,4,3,3,0.6666666666666666,True,The learned model selected the same eviction candidate as Optimal.
964,2,4,4,0.5405405405405406,True,The learned model selected the same eviction candidate as Optimal.
966,3,2,2,0.5555555555555556,True,The learned model selected the same eviction candidate as Optimal.
970,4,5,5,1.0,True,The learned model selected the same eviction candidate as Optimal.
972,2,1,3,1.0,False,The learned model selected a different candidate from Optimal.
973,1,2,3,0.9090909090909091,False,The learned model selected a different candidate from Optimal.
976,2,1,1,0.8,True,The learned model selected the same eviction candidate as Optimal.
979,5,3,2,0.8,False,The learned model selected a different candidate from Optimal.
980,3,5,5,0.7,True,The learned model selected the same eviction candidate as Optimal.
986,5,4,3,0.7619047619047619,False,The learned model selected a different candidate from Optimal.
988,4,2,3,0.8461538461538461,False,The learned model selected a different candidate from Optimal.
989,2,3,4,0.8888888888888888,False,The learned model selected a different candidate from Optimal.
993,1,2,2,0.875,True,The learned model selected the same eviction candidate as Optimal.
994,3,4,1,0.8888888888888888,False,The learned model selected a different candidate from Optimal.
995,4,3,1,1.0,False,The learned model selected a different candidate from Optimal.
996,3,1,4,1.0,False,The learned model selected a different candidate from Optimal.
999,1,3,3,0.6666666666666666,True,The learned model selected the same eviction candidate as Optimal.
1000,10,1,1,0.5,True,The learned model selected the same eviction candidate as Optimal.
1002,19,4,10,0.8,False,The learned model selected a different candidate from Optimal.
1004,16,19,10,0.8333333333333334,False,The learned model selected a different candidate from Optimal.
1006,15,5,10,0.7692307692307693,False,The learned model selected a different candidate from Optimal.
1007,18,10,10,0.8333333333333334,True,The learned model selected the same eviction candidate as Optimal.
1009,12,16,16,0.7142857142857143,True,The learned model selected the same eviction candidate as Optimal.
1010,11,18,12,0.2857142857142857,False,The learned model selected a different candidate from Optimal.
1011,18,11,12,0.7368421052631579,False,The learned model selected a different candidate from Optimal.
1013,13,18,12,0.72,False,The learned model selected a different candidate from Optimal.
1015,11,15,12,0.7142857142857143,False,The learned model selected a different candidate from Optimal.
1016,7,11,12,0.6666666666666666,False,The learned model selected a different candidate from Optimal.
1017,8,12,7,0.8,False,The learned model selected a different candidate from Optimal.
1018,19,8,7,0.6666666666666666,False,The learned model selected a different candidate from Optimal.
1020,8,13,7,0.8571428571428571,False,The learned model selected a different candidate from Optimal.
1021,14,8,7,0.8,False,The learned model selected a different candidate from Optimal.
1022,2,7,7,0.625,True,The learned model selected the same eviction candidate as Optimal.
1023,11,19,14,1.0,False,The learned model selected a different candidate from Optimal.
1024,16,14,14,0.48484848484848486,True,The learned model selected the same eviction candidate as Optimal.
1025,13,16,11,0.625,False,The learned model selected a different candidate from Optimal.
1027,5,2,13,0.6153846153846154,False,The learned model selected a different candidate from Optimal.
1028,16,13,13,0.5714285714285714,True,The learned model selected the same eviction candidate as Optimal.
1029,2,11,16,1.0,False,The learned model selected a different candidate from Optimal.
1031,17,16,2,0.48148148148148145,False,The learned model selected a different candidate from Optimal.
1032,19,17,2,0.4727272727272727,False,The learned model selected a different candidate from Optimal.
1033,11,19,19,0.4642857142857143,True,The learned model selected the same eviction candidate as Optimal.
1034,4,2,2,0.4827586206896552,True,The learned model selected the same eviction candidate as Optimal.
1035,15,4,11,0.49122807017543857,False,The learned model selected a different candidate from Optimal.
1036,4,11,11,0.43478260869565216,True,The learned model selected the same eviction candidate as Optimal.
1037,17,15,4,0.6428571428571429,False,The learned model selected a different candidate from Optimal.
1038,15,4,17,0.4444444444444444,False,The learned model selected a different candidate from Optimal.
1039,1,15,17,0.5161290322580645,False,The learned model selected a different candidate from Optimal.
1041,14,1,17,0.5333333333333333,False,The learned model selected a different candidate from Optimal.
1043,3,5,17,1.0,False,The learned model selected a different candidate from Optimal.
1044,16,14,17,0.56,False,The learned model selected a different candidate from Optimal.
1045,9,16,17,0.5555555555555556,False,The learned model selected a different candidate from Optimal.
1046,11,17,9,0.5555555555555556,False,The learned model selected a different candidate from Optimal.
1047,20,11,9,0.6666666666666666,False,The learned model selected a different candidate from Optimal.
1048,13,9,9,0.4,True,The learned model selected the same eviction candidate as Optimal.
1050,11,3,3,0.6666666666666666,True,The learned model selected the same eviction candidate as Optimal.
1051,18,11,20,0.6857142857142857,False,The learned model selected a different candidate from Optimal.
1053,11,13,13,0.6666666666666666,True,The learned model selected the same eviction candidate as Optimal.
1054,16,18,11,0.2727272727272727,False,The learned model selected a different candidate from Optimal.
1055,18,11,16,0.6530612244897959,False,The learned model selected a different candidate from Optimal.
1056,2,18,18,0.7,True,The learned model selected the same eviction candidate as Optimal.
1058,3,20,16,0.7,False,The learned model selected a different candidate from Optimal.
1059,8,16,16,0.717948717948718,True,The learned model selected the same eviction candidate as Optimal.
1060,10,2,2,0.6666666666666666,True,The learned model selected the same eviction candidate as Optimal.
1063,14,8,3,0.7567567567567568,False,The learned model selected a different candidate from Optimal.
1064,4,10,3,0.8,False,The learned model selected a different candidate from Optimal.
1066,15,3,4,0.9230769230769231,False,The learned model selected a different candidate from Optimal.
1067,6,4,4,0.8,True,The learned model selected the same eviction candidate as Optimal.
1068,10,6,15,0.24,False,The learned model selected a different candidate from Optimal.
1069,1,10,15,0.8148148148148148,False,The learned model selected a different candidate from Optimal.
1070,2,15,1,0.5714285714285714,False,The learned model selected a different candidate from Optimal.
1071,11,2,1,0.6451612903225806,False,The learned model selected a different candidate from Optimal.
1072,2,11,11,0.7272727272727273,True,The learned model selected the same eviction candidate as Optimal.
1073,10,2,2,0.5454545454545454,True,The learned model selected the same eviction candidate as Optimal.
1074,12,10,10,0.7619047619047619,True,The learned model selected the same eviction candidate as Optimal.
1077,5,14,12,0.782608695652174,False,The learned model selected a different candidate from Optimal.
1078,8,12,12,0.6857142857142857,True,The learned model selected the same eviction candidate as Optimal.
1079,17,8,1,0.7222222222222222,False,The learned model selected a different candidate from Optimal.
1080,14,1,17,0.5,False,The learned model selected a different candidate from Optimal.
1081,19,17,17,0.6666666666666666,True,The learned model selected the same eviction candidate as Optimal.
1082,6,14,14,0.6153846153846154,True,The learned model selected the same eviction candidate as Optimal.
1085,3,6,6,1.0,True,The learned model selected the same eviction candidate as Optimal.
1086,20,3,3,0.4,True,The learned model selected the same eviction candidate as Optimal.
1087,13,5,5,0.6666666666666666,True,The learned model selected the same eviction candidate as Optimal.
1089,8,20,20,0.7058823529411765,True,The learned model selected the same eviction candidate as Optimal.
1090,16,8,13,0.7058823529411765,False,The learned model selected a different candidate from Optimal.
1092,5,16,16,0.6666666666666666,True,The learned model selected the same eviction candidate as Optimal.
1093,8,19,5,1.0,False,The learned model selected a different candidate from Optimal.
1094,15,5,5,0.7619047619047619,True,The learned model selected the same eviction candidate as Optimal.
1095,9,8,8,0.8888888888888888,True,The learned model selected the same eviction candidate as Optimal.
1098,1,15,13,0.9090909090909091,False,The learned model selected a different candidate from Optimal.
1099,15,9,1,0.7,False,The learned model selected a different candidate from Optimal.
1100,10,1,1,0.6956521739130435,True,The learned model selected the same eviction candidate as Optimal.
1101,18,15,13,1.0,False,The learned model selected a different candidate from Optimal.
1102,6,10,18,0.7,False,The learned model selected a different candidate from Optimal.
1103,3,18,18,0.6666666666666666,True,The learned model selected the same eviction candidate as Optimal.
1104,15,6,6,0.6666666666666666,True,The learned model selected the same eviction candidate as Optimal.
1105,12,15,3,1.0,False,The learned model selected a different candidate from Optimal.
1106,19,3,3,0.7272727272727273,True,The learned model selected the same eviction candidate as Optimal.
1107,10,12,12,0.75,True,The learned model selected the same eviction candidate as Optimal.
1108,14,19,19,0.75,True,The learned model selected the same eviction candidate as Optimal.
1109,9,10,14,0.75,False,The learned model selected a different candidate from Optimal.
1110,15,14,14,0.72,True,The learned model selected the same eviction candidate as Optimal.
1111,10,9,15,0.7741935483870968,False,The learned model selected a different candidate from Optimal.
1112,7,15,15,0.625,True,The learned model selected the same eviction candidate as Optimal.
1114,16,10,7,0.7878787878787878,False,The learned model selected a different candidate from Optimal.
1115,4,7,7,0.7647058823529411,True,The learned model selected the same eviction candidate as Optimal.
1116,8,16,4,0.7428571428571429,False,The learned model selected a different candidate from Optimal.
1118,19,8,4,0.7222222222222222,False,The learned model selected a different candidate from Optimal.
1119,12,4,4,0.6666666666666666,True,The learned model selected the same eviction candidate as Optimal.
1121,10,19,12,0.25,False,The learned model selected a different candidate from Optimal.
1123,1,10,12,0.3076923076923077,False,The learned model selected a different candidate from Optimal.
1125,9,1,13,0.75,False,The learned model selected a different candidate from Optimal.
1126,1,12,13,0.717948717948718,False,The learned model selected a different candidate from Optimal.
1127,19,9,1,0.717948717948718,False,The learned model selected a different candidate from Optimal.
1128,2,1,1,0.7428571428571429,True,The learned model selected the same eviction candidate as Optimal.
1129,20,19,13,0.5,False,The learned model selected a different candidate from Optimal.
1130,16,2,13,0.7272727272727273,False,The learned model selected a different candidate from Optimal.
1131,10,20,13,0.6222222222222222,False,The learned model selected a different candidate from Optimal.
1132,8,16,13,0.5957446808510638,False,The learned model selected a different candidate from Optimal.
1133,20,13,13,0.6666666666666666,True,The learned model selected the same eviction candidate as Optimal.
1134,12,10,10,0.41509433962264153,True,The learned model selected the same eviction candidate as Optimal.
1136,7,20,8,0.6666666666666666,False,The learned model selected a different candidate from Optimal.
1137,20,12,8,0.7272727272727273,False,The learned model selected a different candidate from Optimal.
1138,9,8,20,0.6666666666666666,False,The learned model selected a different candidate from Optimal.
1139,5,20,20,0.5555555555555556,True,The learned model selected the same eviction candidate as Optimal.
1140,4,7,9,0.8,False,The learned model selected a different candidate from Optimal.
1141,2,5,4,0.34146341463414637,False,The learned model selected a different candidate from Optimal.
1142,10,9,4,0.6666666666666666,False,The learned model selected a different candidate from Optimal.
1143,15,2,4,0.4375,False,The learned model selected a different candidate from Optimal.
1144,2,10,15,0.4375,False,The learned model selected a different candidate from Optimal.
1145,19,2,2,0.6666666666666666,True,The learned model selected the same eviction candidate as Optimal.
1146,12,15,19,0.42105263157894735,False,The learned model selected a different candidate from Optimal.
1147,5,12,19,0.42105263157894735,False,The learned model selected a different candidate from Optimal.
1148,3,5,19,0.48,False,The learned model selected a different candidate from Optimal.
1149,10,3,19,0.3333333333333333,False,The learned model selected a different candidate from Optimal.
1150,11,10,19,0.8571428571428571,False,The learned model selected a different candidate from Optimal.
1151,14,11,19,0.5,False,The learned model selected a different candidate from Optimal.
1152,6,14,14,0.5333333333333333,True,The learned model selected the same eviction candidate as Optimal.
1153,7,6,19,0.5806451612903226,False,The learned model selected a different candidate from Optimal.
1154,5,7,7,0.3333333333333333,True,The learned model selected the same eviction candidate as Optimal.
1155,18,5,19,0.8571428571428571,False,The learned model selected a different candidate from Optimal.
1156,12,18,19,0.5238095238095238,False,The learned model selected a different candidate from Optimal.
1157,17,12,19,0.4918032786885246,False,The learned model selected a different candidate from Optimal.
1159,9,17,17,0.4827586206896552,True,The learned model selected the same eviction candidate as Optimal.
1160,6,9,19,0.5483870967741935,False,The learned model selected a different candidate from Optimal.
1161,9,6,6,0.5245901639344263,True,The learned model selected the same eviction candidate as Optimal.
1162,16,9,19,0.5423728813559322,False,The learned model selected a different candidate from Optimal.
1163,10,16,16,0.5357142857142857,True,The learned model selected the same eviction candidate as Optimal.
1164,11,10,10,0.5957446808510638,True,The learned model selected the same eviction candidate as Optimal.
1166,15,11,11,0.6666666666666666,True,The learned model selected the same eviction candidate as Optimal.
1167,3,15,19,0.36363636363636365,False,The learned model selected a different candidate from Optimal.
1168,5,3,19,0.7777777777777778,False,The learned model selected a different candidate from Optimal.
1169,8,4,5,0.6666666666666666,False,The learned model selected a different candidate from Optimal.
1170,13,5,5,0.75,True,The learned model selected the same eviction candidate as Optimal.
1171,18,13,8,0.5142857142857142,False,The learned model selected a different candidate from Optimal.
1172,12,18,8,0.8235294117647058,False,The learned model selected a different candidate from Optimal.
1173,3,12,8,0.6666666666666666,False,The learned model selected a different candidate from Optimal.
1174,13,8,3,0.7,False,The learned model selected a different candidate from Optimal.
1175,1,3,3,0.7272727272727273,True,The learned model selected the same eviction candidate as Optimal.
1176,9,13,1,0.72,False,The learned model selected a different candidate from Optimal.
1177,18,1,1,0.782608695652174,True,The learned model selected the same eviction candidate as Optimal.
1178,4,9,18,0.75,False,The learned model selected a different candidate from Optimal.
1179,15,18,18,0.7142857142857143,True,The learned model selected the same eviction candidate as Optimal.
1180,12,15,15,0.7407407407407407,True,The learned model selected the same eviction candidate as Optimal.
1181,9,12,4,0.6666666666666666,False,The learned model selected a different candidate from Optimal.
1183,13,9,9,0.68,True,The learned model selected the same eviction candidate as Optimal.
1184,12,19,19,0.6666666666666666,True,The learned model selected the same eviction candidate as Optimal.
1186,8,4,12,0.6923076923076923,False,The learned model selected a different candidate from Optimal.
1187,16,13,12,0.7741935483870968,False,The learned model selected a different candidate from Optimal.
1188,1,8,12,0.8,False,The learned model selected a different candidate from Optimal.
1189,20,16,1,0.6842105263157895,False,The learned model selected a different candidate from Optimal.
1190,18,1,1,0.7692307692307693,True,The learned model selected the same eviction candidate as Optimal.
1191,11,20,12,0.8148148148148148,False,The learned model selected a different candidate from Optimal.
1192,20,12,11,1.0,False,The learned model selected a different candidate from Optimal.
1193,8,18,11,0.8333333333333334,False,The learned model selected a different candidate from Optimal.
1194,3,11,11,0.8333333333333334,True,The learned model selected the same eviction candidate as Optimal.
1195,15,20,3,0.64,False,The learned model selected a different candidate from Optimal.
1196,10,3,3,0.7058823529411765,True,The learned model selected the same eviction candidate as Optimal.
1197,14,10,15,0.6666666666666666,False,The learned model selected a different candidate from Optimal.
1198,4,14,14,0.6,True,The learned model selected the same eviction candidate as Optimal.
1199,5,15,15,0.5517241379310345,True,The learned model selected the same eviction candidate as Optimal.
1200,2,5,5,0.6,True,The learned model selected the same eviction candidate as Optimal.
1202,10,4,2,0.5806451612903226,False,The learned model selected a different candidate from Optimal.
1203,16,2,10,0.5333333333333333,False,The learned model selected a different candidate from Optimal.
1204,4,10,10,0.5333333333333333,True,The learned model selected the same eviction candidate as Optimal.
1207,18,4,8,0.5333333333333333,False,The learned model selected a different candidate from Optimal.
1208,5,16,8,1.0,False,The learned model selected a different candidate from Optimal.
1209,13,18,8,0.5294117647058824,False,The learned model selected a different candidate from Optimal.
1210,15,13,13,0.7058823529411765,True,The learned model selected the same eviction candidate as Optimal.
1211,12,15,8,0.48484848484848486,False,The learned model selected a different candidate from Optimal.
1212,18,12,8,0.7777777777777778,False,The learned model selected a different candidate from Optimal.
1213,14,5,18,0.6,False,The learned model selected a different candidate from Optimal.
1214,19,18,18,0.4,True,The learned model selected the same eviction candidate as Optimal.
1215,5,19,19,0.8333333333333334,True,The learned model selected the same eviction candidate as Optimal.
1217,4,5,5,0.0,True,The learned model selected the same eviction candidate as Optimal.
1218,16,4,4,0.5142857142857142,True,The learned model selected the same eviction candidate as Optimal.
1219,20,16,16,0.5294117647058824,True,The learned model selected the same eviction candidate as Optimal.
1221,9,20,14,1.0,False,The learned model selected a different candidate from Optimal.
1222,2,9,14,0.6896551724137931,False,The learned model selected a different candidate from Optimal.
1223,12,14,14,0.8,True,The learned model selected the same eviction candidate as Optimal.
1224,7,12,2,0.64,False,The learned model selected a different candidate from Optimal.
1225,15,2,7,0.5384615384615384,False,The learned model selected a different candidate from Optimal.
1228,12,15,8,0.8,False,The learned model selected a different candidate from Optimal.
1229,4,12,8,0.7272727272727273,False,The learned model selected a different candidate from Optimal.
1230,12,7,8,1.0,False,The learned model selected a different candidate from Optimal.
1231,18,12,8,0.7142857142857143,False,The learned model selected a different candidate from Optimal.
1232,12,8,18,0.64,False,The learned model selected a different candidate from Optimal.
1233,2,18,12,0.64,False,The learned model selected a different candidate from Optimal.
1234,13,12,12,0.7142857142857143,True,The learned model selected the same eviction candidate as Optimal.
1235,9,2,13,0.5806451612903226,False,The learned model selected a different candidate from Optimal.
1236,7,13,13,0.6956521739130435,True,The learned model selected the same eviction candidate as Optimal.
1238,15,4,4,0.4,True,The learned model selected the same eviction candidate as Optimal.
1239,3,15,15,0.7777777777777778,True,The learned model selected the same eviction candidate as Optimal.
1241,20,3,9,0.75,False,The learned model selected a different candidate from Optimal.
1242,1,7,9,0.8888888888888888,False,The learned model selected a different candidate from Optimal.
1243,2,20,9,0.6206896551724138,False,The learned model selected a different candidate from Optimal.
1244,11,9,2,0.6060606060606061,False,The learned model selected a different candidate from Optimal.
1245,8,11,2,0.5882352941176471,False,The learned model selected a different candidate from Optimal.
1246,5,2,2,0.5,True,The learned model selected the same eviction candidate as Optimal.
1247,19,5,1,0.4927536231884058,False,The learned model selected a different candidate from Optimal.
1248,7,19,1,0.4857142857142857,False,The learned model selected a different candidate from Optimal.
1249,3,1,1,0.8571428571428571,True,The learned model selected the same eviction candidate as Optimal.
1250,18,3,3,0.5,True,The learned model selected the same eviction candidate as Optimal.
1252,19,8,18,0.8888888888888888,False,The learned model selected a different candidate from Optimal.
1254,8,7,7,0.5,True,The learned model selected the same eviction candidate as Optimal.
1255,11,8,19,0.5454545454545454,False,The learned model selected a different candidate from Optimal.
1256,5,18,11,0.7692307692307693,False,The learned model selected a different candidate from Optimal.
1257,20,11,11,0.46808510638297873,True,The learned model selected the same eviction candidate as Optimal.
1258,1,20,20,0.5,True,The learned model selected the same eviction candidate as Optimal.
1259,9,19,19,0.6666666666666666,True,The learned model selected the same eviction candidate as Optimal.
1262,18,5,5,0.5641025641025641,True,The learned model selected the same eviction candidate as Optimal.
1264,6,1,18,0.6666666666666666,False,The learned model selected a different candidate from Optimal.
1265,4,9,18,0.6153846153846154,False,The learned model selected a different candidate from Optimal.
1266,1,18,18,0.631578947368421,True,The learned model selected the same eviction candidate as Optimal.
1267,5,1,4,0.631578947368421,False,The learned model selected a different candidate from Optimal.
1268,1,5,4,0.5714285714285714,False,The learned model selected a different candidate from Optimal.
1269,12,1,4,0.6046511627906976,False,The learned model selected a different candidate from Optimal.
1270,8,6,12,0.52,False,The learned model selected a different candidate from Optimal.
1271,19,8,8,0.52,True,The learned model selected the same eviction candidate as Optimal.
1272,11,4,19,0.6666666666666666,False,The learned model selected a different candidate from Optimal.
1273,1,19,11,0.6666666666666666,False,The learned model selected a different candidate from Optimal.
1274,6,11,11,0.6222222222222222,True,The learned model selected the same eviction candidate as Optimal.
1275,9,6,6,0.6857142857142857,True,The learned model selected the same eviction candidate as Optimal.
1276,2,1,9,0.4444444444444444,False,The learned model selected a different candidate from Optimal.
1277,5,9,9,0.6521739130434783,True,The learned model selected the same eviction candidate as Optimal.
1278,14,5,5,0.5,True,The learned model selected the same eviction candidate as Optimal.
1279,17,2,14,0.375,False,The learned model selected a different candidate from Optimal.
1280,4,17,14,0.5714285714285714,False,The learned model selected a different candidate from Optimal.
1281,3,4,14,0.7096774193548387,False,The learned model selected a different candidate from Optimal.
1282,16,3,3,0.5,True,The learned model selected the same eviction candidate as Optimal.
1283,15,16,14,0.6,False,The learned model selected a different candidate from Optimal.
1285,17,12,12,0.8,True,The learned model selected the same eviction candidate as Optimal.
1286,19,17,14,0.8333333333333334,False,The learned model selected a different candidate from Optimal.
1287,4,19,19,0.8181818181818182,True,The learned model selected the same eviction candidate as Optimal.
1289,17,15,4,0.8181818181818182,False,The learned model selected a different candidate from Optimal.
1290,8,17,4,0.8333333333333334,False,The learned model selected a different candidate from Optimal.
1291,20,8,8,0.6666666666666666,True,The learned model selected the same eviction candidate as Optimal.
1292,2,20,20,0.7272727272727273,True,The learned model selected the same eviction candidate as Optimal.
1293,17,2,4,0.8461538461538461,False,The learned model selected a different candidate from Optimal.
1294,10,17,17,0.6666666666666666,True,The learned model selected the same eviction candidate as Optimal.
1295,15,10,10,0.7272727272727273,True,The learned model selected the same eviction candidate as Optimal.
1296,1,15,15,0.7619047619047619,True,The learned model selected the same eviction candidate as Optimal.
1297,2,1,1,0.6896551724137931,True,The learned model selected the same eviction candidate as Optimal.
1298,16,2,2,0.6896551724137931,True,The learned model selected the same eviction candidate as Optimal.
1299,13,16,16,0.7142857142857143,True,The learned model selected the same eviction candidate as Optimal.
1302,16,13,4,0.7317073170731707,False,The learned model selected a different candidate from Optimal.
1303,15,16,16,0.7567567567567568,True,The learned model selected the same eviction candidate as Optimal.
1304,3,15,4,0.7741935483870968,False,The learned model selected a different candidate from Optimal.
1306,11,3,4,0.7272727272727273,False,The learned model selected a different candidate from Optimal.
1307,20,11,4,0.9090909090909091,False,The learned model selected a different candidate from Optimal.
1308,5,20,4,0.7272727272727273,False,The learned model selected a different candidate from Optimal.
1309,3,5,4,0.8888888888888888,False,The learned model selected a different candidate from Optimal.
1310,5,3,3,0.6896551724137931,True,The learned model selected the same eviction candidate as Optimal.
1311,9,5,5,0.7333333333333333,True,The learned model selected the same eviction candidate as Optimal.
1312,20,9,9,0.7333333333333333,True,The learned model selected the same eviction candidate as Optimal.
1313,19,20,4,0.7741935483870968,False,The learned model selected a different candidate from Optimal.
1314,18,19,19,0.7741935483870968,True,The learned model selected the same eviction candidate as Optimal.
1315,11,18,18,0.7741935483870968,True,The learned model selected the same eviction candidate as Optimal.
1316,13,11,11,0.7741935483870968,True,The learned model selected the same eviction candidate as Optimal.
1317,20,13,13,0.8125,True,The learned model selected the same eviction candidate as Optimal.
1318,17,20,4,0.8,False,The learned model selected a different candidate from Optimal.
1319,10,17,4,0.8,False,The learned model selected a different candidate from Optimal.
1320,15,10,10,0.7272727272727273,True,The learned model selected the same eviction candidate as Optimal.
1321,17,15,15,0.8333333333333334,True,The learned model selected the same eviction candidate as Optimal.
1322,20,17,17,0.8333333333333334,True,The learned model selected the same eviction candidate as Optimal.
1326,18,4,20,0.8333333333333334,False,The learned model selected a different candidate from Optimal.
1327,7,20,20,1.0,True,The learned model selected the same eviction candidate as Optimal.
1329,15,14,7,0.72,False,The learned model selected a different candidate from Optimal.
1330,8,15,7,0.6875,False,The learned model selected a different candidate from Optimal.
1331,14,8,8,0.6875,True,The learned model selected the same eviction candidate as Optimal.
1332,11,14,7,0.7272727272727273,False,The learned model selected a different candidate from Optimal.
1333,15,7,7,1.0,True,The learned model selected the same eviction candidate as Optimal.
1334,13,15,15,0.5,True,The learned model selected the same eviction candidate as Optimal.
1335,14,13,13,0.48,True,The learned model selected the same eviction candidate as Optimal.
1336,4,14,18,1.0,False,The learned model selected a different candidate from Optimal.
1338,14,18,18,0.6666666666666666,True,The learned model selected the same eviction candidate as Optimal.
1340,9,4,11,0.5161290322580645,False,The learned model selected a different candidate from Optimal.
1341,12,9,9,0.6896551724137931,True,The learned model selected the same eviction candidate as Optimal.
1342,5,12,11,0.75,False,The learned model selected a different candidate from Optimal.
1343,16,5,11,0.8,False,The learned model selected a different candidate from Optimal.
1344,3,16,16,0.5882352941176471,True,The learned model selected the same eviction candidate as Optimal.
1349,4,3,3,0.46153846153846156,True,The learned model selected the same eviction candidate as Optimal.
1350,12,4,14,0.47619047619047616,False,The learned model selected a different candidate from Optimal.
1351,5,12,12,0.4888888888888889,True,The learned model selected the same eviction candidate as Optimal.
1352,18,5,5,0.5238095238095238,True,The learned model selected the same eviction candidate as Optimal.
1353,2,18,14,0.7692307692307693,False,The learned model selected a different candidate from Optimal.
1354,19,2,2,0.7692307692307693,True,The learned model selected the same eviction candidate as Optimal.
1355,18,19,19,0.7619047619047619,True,The learned model selected the same eviction candidate as Optimal.
1358,4,18,11,0.5405405405405406,False,The learned model selected a different candidate from Optimal.
1360,12,14,11,0.75,False,The learned model selected a different candidate from Optimal.
1361,14,11,11,0.7777777777777778,True,The learned model selected the same eviction candidate as Optimal.
1362,2,4,14,0.55,False,The learned model selected a different candidate from Optimal.
1363,10,2,2,0.7272727272727273,True,The learned model selected the same eviction candidate as Optimal.
1364,20,10,14,0.7272727272727273,False,The learned model selected a different candidate from Optimal.
1365,10,20,20,0.6666666666666666,True,The learned model selected the same eviction candidate as Optimal.
1367,4,12,10,0.75,False,The learned model selected a different candidate from Optimal.
1368,19,10,10,0.5652173913043478,True,The learned model selected the same eviction candidate as Optimal.
1369,17,19,14,0.5652173913043478,False,The learned model selected a different candidate from Optimal.
1370,7,14,17,1.0,False,The learned model selected a different candidate from Optimal.
1371,5,17,7,0.7692307692307693,False,The learned model selected a different candidate from Optimal.
1372,16,5,7,0.8571428571428571,False,The learned model selected a different candidate from Optimal.
1373,8,7,16,1.0,False,The learned model selected a different candidate from Optimal.
1375,12,16,16,0.6666666666666666,True,The learned model selected the same eviction candidate as Optimal.
1376,18,8,8,0.6666666666666666,True,The learned model selected the same eviction candidate as Optimal.
1379,9,18,4,0.8571428571428571,False,The learned model selected a different candidate from Optimal.
1380,19,9,4,0.8,False,The learned model selected a different candidate from Optimal.
1381,8,19,4,0.5,False,The learned model selected a different candidate from Optimal.
1382,14,8,8,0.5142857142857142,True,The learned model selected the same eviction candidate as Optimal.
1383,18,14,4,0.6956521739130435,False,The learned model selected a different candidate from Optimal.
1384,20,18,4,0.5294117647058824,False,The learned model selected a different candidate from Optimal.
1386,18,20,4,0.5454545454545454,False,The learned model selected a different candidate from Optimal.
1387,1,12,18,0.6666666666666666,False,The learned model selected a different candidate from Optimal.
1388,20,1,18,0.5641025641025641,False,The learned model selected a different candidate from Optimal.
1389,9,18,18,0.72,True,The learned model selected the same eviction candidate as Optimal.
1390,1,20,4,0.5925925925925926,False,The learned model selected a different candidate from Optimal.
1391,6,4,4,1.0,True,The learned model selected the same eviction candidate as Optimal.
1393,10,1,9,0.48484848484848486,False,The learned model selected a different candidate from Optimal.
1394,11,10,9,0.48484848484848486,False,The learned model selected a different candidate from Optimal.
1395,12,9,9,0.6470588235294118,True,The learned model selected the same eviction candidate as Optimal.
1396,1,11,12,0.3870967741935484,False,The learned model selected a different candidate from Optimal.
1398,5,1,12,0.7058823529411765,False,The learned model selected a different candidate from Optimal.
1399,19,5,12,0.3870967741935484,False,The learned model selected a different candidate from Optimal.
1400,13,12,19,0.5,False,The learned model selected a different candidate from Optimal.
1401,3,19,19,0.36363636363636365,True,The learned model selected the same eviction candidate as Optimal.
1402,5,3,6,0.34285714285714286,False,The learned model selected a different candidate from Optimal.
1403,1,5,5,0.35,True,The learned model selected the same eviction candidate as Optimal.
1404,3,1,1,0.7272727272727273,True,The learned model selected the same eviction candidate as Optimal.
1405,17,3,3,0.38095238095238093,True,The learned model selected the same eviction candidate as Optimal.
1406,7,17,17,0.37209302325581395,True,The learned model selected the same eviction candidate as Optimal.
1408,14,7,13,0.4090909090909091,False,The learned model selected a different candidate from Optimal.
1409,15,6,13,1.0,False,The learned model selected a different candidate from Optimal.
1410,11,14,13,0.4583333333333333,False,The learned model selected a different candidate from Optimal.
1411,6,11,13,0.7027027027027027,False,The learned model selected a different candidate from Optimal.
1412,12,13,13,1.0,True,The learned model selected the same eviction candidate as Optimal.
1413,10,6,12,0.6666666666666666,False,The learned model selected a different candidate from Optimal.
1414,11,12,10,0.7027027027027027,False,The learned model selected a different candidate from Optimal.
1415,19,11,11,0.8421052631578947,True,The learned model selected the same eviction candidate as Optimal.
1416,20,19,19,0.7428571428571429,True,The learned model selected the same eviction candidate as Optimal.
1417,3,20,10,0.4,False,The learned model selected a different candidate from Optimal.
1418,2,3,10,0.8571428571428571,False,The learned model selected a different candidate from Optimal.
1419,5,2,10,0.36363636363636365,False,The learned model selected a different candidate from Optimal.
1420,6,5,5,0.7647058823529411,True,The learned model selected the same eviction candidate as Optimal.
1421,20,6,6,0.8,True,The learned model selected the same eviction candidate as Optimal.
1422,2,20,10,0.8235294117647058,False,The learned model selected a different candidate from Optimal.
1423,3,2,2,0.7692307692307693,True,The learned model selected the same eviction candidate as Optimal.
1424,9,3,3,0.8235294117647058,True,The learned model selected the same eviction candidate as Optimal.
1426,14,15,10,0.7857142857142857,False,The learned model selected a different candidate from Optimal.
1427,16,14,10,0.7407407407407407,False,The learned model selected a different candidate from Optimal.
1428,20,9,16,0.36363636363636365,False,The learned model selected a different candidate from Optimal.
1429,15,20,20,0.6923076923076923,True,The learned model selected the same eviction candidate as Optimal.
1430,14,15,15,0.6923076923076923,True,The learned model selected the same eviction candidate as Optimal.
1431,9,14,16,0.75,False,The learned model selected a different candidate from Optimal.
1432,7,16,9,0.75,False,The learned model selected a different candidate from Optimal.
1433,17,7,9,0.6666666666666666,False,The learned model selected a different candidate from Optimal.
1434,4,17,9,0.5714285714285714,False,The learned model selected a different candidate from Optimal.
1435,12,9,9,1.0,True,The learned model selected the same eviction candidate as Optimal.
1436,14,12,12,0.15384615384615385,True,The learned model selected the same eviction candidate as Optimal.
1439,19,14,14,1.0,True,The learned model selected the same eviction candidate as Optimal.
1440,16,4,19,1.0,False,The learned model selected a different candidate from Optimal.
1441,17,16,19,0.7,False,The learned model selected a different candidate from Optimal.
1443,2,10,19,0.6666666666666666,False,The learned model selected a different candidate from Optimal.
1444,8,17,19,0.64,False,The learned model selected a different candidate from Optimal.
1445,13,19,19,0.6363636363636364,True,The learned model selected the same eviction candidate as Optimal.
1446,20,2,8,0.42857142857142855,False,The learned model selected a different candidate from Optimal.
1447,2,20,20,0.4444444444444444,True,The learned model selected the same eviction candidate as Optimal.
1448,1,8,2,0.7692307692307693,False,The learned model selected a different candidate from Optimal.
1449,7,13,2,0.7272727272727273,False,The learned model selected a different candidate from Optimal.
1450,10,2,2,0.6666666666666666,True,The learned model selected the same eviction candidate as Optimal.
1452,5,10,7,1.0,False,The learned model selected a different candidate from Optimal.
1453,9,7,7,0.6666666666666666,True,The learned model selected the same eviction candidate as Optimal.
1454,10,1,9,0.6153846153846154,False,The learned model selected a different candidate from Optimal.
1455,11,10,9,0.8,False,The learned model selected a different candidate from Optimal.
1456,4,5,9,0.3783783783783784,False,The learned model selected a different candidate from Optimal.
1457,1,4,9,0.6923076923076923,False,The learned model selected a different candidate from Optimal.
1458,16,9,9,0.6666666666666666,True,The learned model selected the same eviction candidate as Optimal.
1459,14,11,16,0.625,False,The learned model selected a different candidate from Optimal.
1460,6,1,16,0.5925925925925926,False,The learned model selected a different candidate from Optimal.
1461,5,16,16,0.41379310344827586,True,The learned model selected the same eviction candidate as Optimal.
1462,13,5,5,0.5925925925925926,True,The learned model selected the same eviction candidate as Optimal.
1463,18,13,6,0.6666666666666666,False,The learned model selected a different candidate from Optimal.
1464,8,14,6,0.8,False,The learned model selected a different candidate from Optimal.
1465,17,6,8,0.6666666666666666,False,The learned model selected a different candidate from Optimal.
1467,12,18,18,0.7272727272727273,True,The learned model selected the same eviction candidate as Optimal.
1468,3,17,17,0.42857142857142855,True,The learned model selected the same eviction candidate as Optimal.
1469,13,3,8,0.36363636363636365,False,The learned model selected a different candidate from Optimal.
1470,2,13,8,0.7272727272727273,False,The learned model selected a different candidate from Optimal.
1471,14,12,2,0.5,False,The learned model selected a different candidate from Optimal.
1472,1,14,2,0.6153846153846154,False,The learned model selected a different candidate from Optimal.
1473,15,1,2,0.6,False,The learned model selected a different candidate from Optimal.
1474,3,2,2,0.5714285714285714,True,The learned model selected the same eviction candidate as Optimal.
1475,11,3,8,0.46153846153846156,False,The learned model selected a different candidate from Optimal.
1476,19,8,8,1.0,True,The learned model selected the same eviction candidate as Optimal.
1477,14,15,15,0.6285714285714286,True,The learned model selected the same eviction candidate as Optimal.
1479,13,14,19,0.6666666666666666,False,The learned model selected a different candidate from Optimal.
1480,14,11,19,0.6060606060606061,False,The learned model selected a different candidate from Optimal.
1481,10,19,19,0.5142857142857142,True,The learned model selected the same eviction candidate as Optimal.
1482,4,10,10,0.5294117647058824,True,The learned model selected the same eviction candidate as Optimal.
1484,1,4,13,0.5454545454545454,False,The learned model selected a different candidate from Optimal.
1485,11,1,1,0.5396825396825397,True,The learned model selected the same eviction candidate as Optimal.
1486,6,11,11,0.5573770491803278,True,The learned model selected the same eviction candidate as Optimal.
1487,20,6,6,0.576271186440678,True,The learned model selected the same eviction candidate as Optimal.
1488,15,20,20,0.5964912280701754,True,The learned model selected the same eviction candidate as Optimal.
1489,12,15,15,0.6181818181818182,True,The learned model selected the same eviction candidate as Optimal.
1490,3,12,12,0.6415094339622641,True,The learned model selected the same eviction candidate as Optimal.
1492,4,3,3,0.6666666666666666,True,The learned model selected the same eviction candidate as Optimal.
1493,8,4,4,0.7777777777777778,True,The learned model selected the same eviction candidate as Optimal.
1495,19,13,14,1.0,False,The learned model selected a different candidate from Optimal.
1496,13,8,14,0.64,False,The learned model selected a different candidate from Optimal.
1497,17,14,14,1.0,True,The learned model selected the same eviction candidate as Optimal.
1498,3,17,19,0.7272727272727273,False,The learned model selected a different candidate from Optimal.
1500,10,3,13,0.45454545454545453,False,The learned model selected a different candidate from Optimal.
1501,11,10,13,1.0,False,The learned model selected a different candidate from Optimal.
1502,8,11,13,0.8571428571428571,False,The learned model selected a different candidate from Optimal.
1503,11,8,13,0.8571428571428571,False,The learned model selected a different candidate from Optimal.
1504,6,11,13,0.4166666666666667,False,The learned model selected a different candidate from Optimal.
1505,3,6,13,0.7058823529411765,False,The learned model selected a different candidate from Optimal.
1506,17,3,13,0.38461538461538464,False,The learned model selected a different candidate from Optimal.
1507,4,17,13,0.631578947368421,False,The learned model selected a different candidate from Optimal.
1508,17,4,13,0.6341463414634146,False,The learned model selected a different candidate from Optimal.
1510,7,17,13,1.0,False,The learned model selected a different candidate from Optimal.
1511,12,7,13,0.5531914893617021,False,The learned model selected a different candidate from Optimal.
1513,5,13,13,0.6486486486486487,True,The learned model selected the same eviction candidate as Optimal.
1514,8,12,12,0.7027027027027027,True,The learned model selected the same eviction candidate as Optimal.
1515,4,8,8,0.25,True,The learned model selected the same eviction candidate as Optimal.
1517,9,4,4,0.6666666666666666,True,The learned model selected the same eviction candidate as Optimal.
1518,7,5,9,0.6666666666666666,False,The learned model selected a different candidate from Optimal.
1519,6,7,7,0.25,True,The learned model selected the same eviction candidate as Optimal.
1520,20,6,9,0.3333333333333333,False,The learned model selected a different candidate from Optimal.
1521,5,9,9,1.0,True,The learned model selected the same eviction candidate as Optimal.
1522,3,5,5,0.3333333333333333,True,The learned model selected the same eviction candidate as Optimal.
1523,6,20,3,1.0,False,The learned model selected a different candidate from Optimal.
1524,16,3,6,0.8571428571428571,False,The learned model selected a different candidate from Optimal.
1525,15,6,6,0.5384615384615384,True,The learned model selected the same eviction candidate as Optimal.
1530,20,16,19,0.8,False,The learned model selected a different candidate from Optimal.
1531,11,20,20,0.6206896551724138,True,The learned model selected the same eviction candidate as Optimal.
1533,5,15,11,1.0,False,The learned model selected a different candidate from Optimal.
1534,15,11,5,0.6666666666666666,False,The learned model selected a different candidate from Optimal.
1535,3,15,5,0.6857142857142857,False,The learned model selected a different candidate from Optimal.
1536,16,3,5,0.7027027027027027,False,The learned model selected a different candidate from Optimal.
1537,15,16,5,0.6181818181818182,False,The learned model selected a different candidate from Optimal.
1538,10,15,5,0.625,False,The learned model selected a different candidate from Optimal.
1539,9,5,5,1.0,True,The learned model selected the same eviction candidate as Optimal.
1541,2,10,9,0.6666666666666666,False,The learned model selected a different candidate from Optimal.
1542,12,2,9,0.47058823529411764,False,The learned model selected a different candidate from Optimal.
1543,17,12,9,0.5263157894736842,False,The learned model selected a different candidate from Optimal.
1544,3,17,9,0.5454545454545454,False,The learned model selected a different candidate from Optimal.
1545,10,3,9,0.6829268292682927,False,The learned model selected a different candidate from Optimal.
1546,15,10,9,0.5555555555555556,False,The learned model selected a different candidate from Optimal.
1548,2,15,9,0.0,False,The learned model selected a different candidate from Optimal.
1550,12,2,9,0.6129032258064516,False,The learned model selected a different candidate from Optimal.
1551,10,19,9,1.0,False,The learned model selected a different candidate from Optimal.
1552,3,12,9,0.625,False,The learned model selected a different candidate from Optimal.
1554,20,9,9,0.8,True,The learned model selected the same eviction candidate as Optimal.
1556,17,3,10,0.5,False,The learned model selected a different candidate from Optimal.
1557,13,17,10,0.4864864864864865,False,The learned model selected a different candidate from Optimal.
1558,15,10,13,0.5,False,The learned model selected a different candidate from Optimal.
1559,19,13,13,0.8421052631578947,True,The learned model selected the same eviction candidate as Optimal.
1560,18,15,20,0.5384615384615384,False,The learned model selected a different candidate from Optimal.
1561,2,19,18,0.8888888888888888,False,The learned model selected a different candidate from Optimal.
1562,15,18,18,0.8181818181818182,True,The learned model selected the same eviction candidate as Optimal.
1563,19,2,15,0.0,False,The learned model selected a different candidate from Optimal.
1564,7,15,19,0.25,False,The learned model selected a different candidate from Optimal.
1565,11,7,7,0.5714285714285714,True,The learned model selected the same eviction candidate as Optimal.
1567,16,11,19,0.9411764705882353,False,The learned model selected a different candidate from Optimal.
1568,17,16,16,0.75,True,The learned model selected the same eviction candidate as Optimal.
1569,5,19,19,0.5714285714285714,True,The learned model selected the same eviction candidate as Optimal.
1570,2,5,5,1.0,True,The learned model selected the same eviction candidate as Optimal.
1571,15,20,20,0.6666666666666666,True,The learned model selected the same eviction candidate as Optimal.
1572,4,17,15,0.75,False,The learned model selected a different candidate from Optimal.
1573,11,4,4,1.0,True,The learned model selected the same eviction candidate as Optimal.
1574,3,2,11,0.7058823529411765,False,The learned model selected a different candidate from Optimal.
1575,17,3,3,1.0,True,The learned model selected the same eviction candidate as Optimal.
1576,6,15,11,0.8333333333333334,False,The learned model selected a different candidate from Optimal.
1577,2,6,11,1.0,False,The learned model selected a different candidate from Optimal.
1578,8,11,2,0.7272727272727273,False,The learned model selected a different candidate from Optimal.
1579,15,8,8,0.9333333333333333,True,The learned model selected the same eviction candidate as Optimal.
1583,20,17,15,1.0,False,The learned model selected a different candidate from Optimal.
1584,6,20,15,0.5714285714285714,False,The learned model selected a different candidate from Optimal.
1585,12,6,15,0.5714285714285714,False,The learned model selected a different candidate from Optimal.
1587,10,12,15,0.3783783783783784,False,The learned model selected a different candidate from Optimal.
1588,13,10,15,0.9230769230769231,False,The learned model selected a different candidate from Optimal.
1589,14,15,15,0.8888888888888888,True,The learned model selected the same eviction candidate as Optimal.
1590,11,14,14,0.8,True,The learned model selected the same eviction candidate as Optimal.
1591,20,11,13,0.3333333333333333,False,The learned model selected a different candidate from Optimal.
1593,11,13,2,1.0,False,The learned model selected a different candidate from Optimal.
1594,3,11,2,0.3225806451612903,False,The learned model selected a different candidate from Optimal.
1595,11,3,2,0.75,False,The learned model selected a different candidate from Optimal.
1596,4,11,2,0.6153846153846154,False,The learned model selected a different candidate from Optimal.
1597,18,4,2,0.5333333333333333,False,The learned model selected a different candidate from Optimal.
1598,13,18,2,0.5277777777777778,False,The learned model selected a different candidate from Optimal.
1599,10,20,2,0.5185185185185185,False,The learned model selected a different candidate from Optimal.
1600,9,2,2,0.5517241379310345,True,The learned model selected the same eviction candidate as Optimal.
1601,20,13,9,0.5806451612903226,False,The learned model selected a different candidate from Optimal.
1602,5,20,9,0.5,False,The learned model selected a different candidate from Optimal.
1603,11,5,9,0.6956521739130435,False,The learned model selected a different candidate from Optimal.
1604,3,10,9,0.5333333333333333,False,The learned model selected a different candidate from Optimal.
1605,19,11,9,1.0,False,The learned model selected a different candidate from Optimal.
1606,5,9,9,0.9333333333333333,True,The learned model selected the same eviction candidate as Optimal.
1607,12,3,19,0.56,False,The learned model selected a different candidate from Optimal.
1608,10,19,19,0.9090909090909091,True,The learned model selected the same eviction candidate as Optimal.
1609,13,12,12,0.9166666666666666,True,The learned model selected the same eviction candidate as Optimal.
1611,20,10,5,0.2608695652173913,False,The learned model selected a different candidate from Optimal.
1612,3,20,20,0.25806451612903225,True,The learned model selected the same eviction candidate as Optimal.
1613,10,13,3,0.5,False,The learned model selected a different candidate from Optimal.
1614,18,10,10,0.5,True,The learned model selected the same eviction candidate as Optimal.
1615,13,3,18,0.2857142857142857,False,The learned model selected a different candidate from Optimal.
1616,11,13,13,0.5882352941176471,True,The learned model selected the same eviction candidate as Optimal.
1618,17,18,18,1.0,True,The learned model selected the same eviction candidate as Optimal.
1619,3,17,5,0.2857142857142857,False,The learned model selected a different candidate from Optimal.
1620,14,3,3,0.6666666666666666,True,The learned model selected the same eviction candidate as Optimal.
1621,17,5,14,0.5,False,The learned model selected a different candidate from Optimal.
1622,12,14,14,1.0,True,The learned model selected the same eviction candidate as Optimal.
1623,1,12,17,0.7368421052631579,False,The learned model selected a different candidate from Optimal.
1624,12,11,1,1.0,False,The learned model selected a different candidate from Optimal.
1625,10,1,1,1.0,True,The learned model selected the same eviction candidate as Optimal.
1626,6,12,12,0.6666666666666666,True,The learned model selected the same eviction candidate as Optimal.
1627,7,10,6,0.7,False,The learned model selected a different candidate from Optimal.
1628,11,6,6,1.0,True,The learned model selected the same eviction candidate as Optimal.
1629,16,7,11,1.0,False,The learned model selected a different candidate from Optimal.
1630,7,16,16,0.6666666666666666,True,The learned model selected the same eviction candidate as Optimal.
1631,8,7,7,0.7272727272727273,True,The learned model selected the same eviction candidate as Optimal.
1632,5,8,8,0.8125,True,The learned model selected the same eviction candidate as Optimal.
1634,3,5,5,0.7619047619047619,True,The learned model selected the same eviction candidate as Optimal.
1635,10,3,3,0.7619047619047619,True,The learned model selected the same eviction candidate as Optimal.
1636,4,10,10,0.7619047619047619,True,The learned model selected the same eviction candidate as Optimal.
1638,18,4,4,0.8571428571428571,True,The learned model selected the same eviction candidate as Optimal.
1640,2,18,17,0.8888888888888888,False,The learned model selected a different candidate from Optimal.
1642,20,2,11,0.8,False,The learned model selected a different candidate from Optimal.
1643,5,11,11,0.7894736842105263,True,The learned model selected the same eviction candidate as Optimal.
1645,13,20,17,0.8333333333333334,False,The learned model selected a different candidate from Optimal.
1647,6,13,5,0.75,False,The learned model selected a different candidate from Optimal.
1649,20,6,5,0.782608695652174,False,The learned model selected a different candidate from Optimal.
1650,6,5,5,1.0,True,The learned model selected the same eviction candidate as Optimal.
1651,15,6,6,0.6,True,The learned model selected the same eviction candidate as Optimal.
1652,2,15,17,0.8,False,The learned model selected a different candidate from Optimal.
1653,14,2,2,0.7333333333333333,True,The learned model selected the same eviction candidate as Optimal.
1654,12,14,14,0.6666666666666666,True,The learned model selected the same eviction candidate as Optimal.
1655,8,12,17,0.6666666666666666,False,The learned model selected a different candidate from Optimal.
1656,15,17,17,1.0,True,The learned model selected the same eviction candidate as Optimal.
1658,10,20,20,1.0,True,The learned model selected the same eviction candidate as Optimal.
1661,18,8,15,0.8,False,The learned model selected a different candidate from Optimal.
1662,8,18,18,0.5,True,The learned model selected the same eviction candidate as Optimal.
1664,16,10,8,0.7368421052631579,False,The learned model selected a different candidate from Optimal.
1665,7,16,8,0.46153846153846156,False,The learned model selected a different candidate from Optimal.
1666,12,7,8,0.5641025641025641,False,The learned model selected a different candidate from Optimal.
1667,19,12,8,0.5263157894736842,False,The learned model selected a different candidate from Optimal.
1670,10,15,19,1.0,False,The learned model selected a different candidate from Optimal.
1671,13,19,19,0.4727272727272727,True,The learned model selected the same eviction candidate as Optimal.
1672,17,13,13,0.48148148148148145,True,The learned model selected the same eviction candidate as Optimal.
1674,14,17,8,0.49056603773584906,False,The learned model selected a different candidate from Optimal.
1675,6,14,8,0.4897959183673469,False,The learned model selected a different candidate from Optimal.
1676,7,6,8,0.48,False,The learned model selected a different candidate from Optimal.
1677,20,7,7,0.48,True,The learned model selected the same eviction candidate as Optimal.
1678,5,8,20,1.0,False,The learned model selected a different candidate from Optimal.
1679,9,5,20,0.5384615384615384,False,The learned model selected a different candidate from Optimal.
1680,2,9,20,0.5660377358490566,False,The learned model selected a different candidate from Optimal.
1681,16,20,20,0.6428571428571429,True,The learned model selected the same eviction candidate as Optimal.
1682,12,10,16,1.0,False,The learned model selected a different candidate from Optimal.
1683,18,2,16,0.6923076923076923,False,The learned model selected a different candidate from Optimal.
1684,4,16,18,0.6896551724137931,False,The learned model selected a different candidate from Optimal.
1685,17,18,18,0.6896551724137931,True,The learned model selected the same eviction candidate as Optimal.
1687,10,12,4,0.8,False,The learned model selected a different candidate from Optimal.
1688,3,17,10,0.5714285714285714,False,The learned model selected a different candidate from Optimal.
1689,6,3,10,0.5531914893617021,False,The learned model selected a different candidate from Optimal.
1690,9,6,6,0.625,True,The learned model selected the same eviction candidate as Optimal.
1691,15,10,9,0.8,False,The learned model selected a different candidate from Optimal.
1692,17,9,9,0.6842105263157895,True,The learned model selected the same eviction candidate as Optimal.
1693,5,15,4,0.5263157894736842,False,The learned model selected a different candidate from Optimal.
1694,14,17,5,0.8181818181818182,False,The learned model selected a different candidate from Optimal.
1695,3,5,5,0.8,True,The learned model selected the same eviction candidate as Optimal.
1696,8,3,4,0.8461538461538461,False,The learned model selected a different candidate from Optimal.
1697,15,14,4,0.6666666666666666,False,The learned model selected a different candidate from Optimal.
1698,12,15,15,0.8148148148148148,True,The learned model selected the same eviction candidate as Optimal.
1699,1,12,4,0.8148148148148148,False,The learned model selected a different candidate from Optimal.
1700,14,4,4,1.0,True,The learned model selected the same eviction candidate as Optimal.
1701,2,14,14,0.7857142857142857,True,The learned model selected the same eviction candidate as Optimal.
1702,13,1,2,0.21052631578947367,False,The learned model selected a different candidate from Optimal.
1703,17,13,2,0.4,False,The learned model selected a different candidate from Optimal.
1704,12,17,17,0.0,True,The learned model selected the same eviction candidate as Optimal.
1706,13,8,2,0.875,False,The learned model selected a different candidate from Optimal.
1707,3,13,13,0.8235294117647058,True,The learned model selected the same eviction candidate as Optimal.
1709,8,12,12,0.6666666666666666,True,The learned model selected the same eviction candidate as Optimal.
1710,1,8,8,0.8,True,The learned model selected the same eviction candidate as Optimal.
1711,11,1,3,0.8181818181818182,False,The learned model selected a different candidate from Optimal.
1712,4,3,3,0.42105263157894735,True,The learned model selected the same eviction candidate as Optimal.
1714,5,11,11,0.6842105263157895,True,The learned model selected the same eviction candidate as Optimal.
1717,10,5,2,0.6976744186046512,False,The learned model selected a different candidate from Optimal.
1718,16,2,2,0.5714285714285714,True,The learned model selected the same eviction candidate as Optimal.
1719,5,10,10,0.21052631578947367,True,The learned model selected the same eviction candidate as Optimal.
1721,15,5,16,1.0,False,The learned model selected a different candidate from Optimal.
1722,20,15,16,0.2857142857142857,False,The learned model selected a different candidate from Optimal.
1723,1,16,16,0.4,True,The learned model selected the same eviction candidate as Optimal.
1724,3,1,4,0.8,False,The learned model selected a different candidate from Optimal.
1725,1,3,3,0.8,True,The learned model selected the same eviction candidate as Optimal.
1726,9,1,1,0.8571428571428571,True,The learned model selected the same eviction candidate as Optimal.
1727,7,4,9,0.4,False,The learned model selected a different candidate from Optimal.
1728,5,9,7,0.6666666666666666,False,The learned model selected a different candidate from Optimal.
1729,18,5,7,1.0,False,The learned model selected a different candidate from Optimal.
1731,17,20,7,0.8571428571428571,False,The learned model selected a different candidate from Optimal.
1732,14,7,7,0.5714285714285714,True,The learned model selected the same eviction candidate as Optimal.
1733,4,18,17,0.5714285714285714,False,The learned model selected a different candidate from Optimal.
1734,10,17,17,0.5,True,The learned model selected the same eviction candidate as Optimal.
1735,8,10,14,0.75,False,The learned model selected a different candidate from Optimal.
1736,10,4,14,0.5384615384615384,False,The learned model selected a different candidate from Optimal.
1737,4,10,10,0.782608695652174,True,The learned model selected the same eviction candidate as Optimal.
1738,2,4,4,0.7619047619047619,True,The learned model selected the same eviction candidate as Optimal.
1741,20,8,2,0.7619047619047619,False,The learned model selected a different candidate from Optimal.
1742,15,20,2,0.7272727272727273,False,The learned model selected a different candidate from Optimal.
1743,3,14,15,1.0,False,The learned model selected a different candidate from Optimal.
1744,4,15,15,0.5714285714285714,True,The learned model selected the same eviction candidate as Optimal.
1745,16,4,4,0.8,True,The learned model selected the same eviction candidate as Optimal.
1746,20,3,2,0.6153846153846154,False,The learned model selected a different candidate from Optimal.
1747,18,2,2,1.0,True,The learned model selected the same eviction candidate as Optimal.
1748,1,16,16,0.5294117647058824,True,The learned model selected the same eviction candidate as Optimal.
1749,17,1,18,0.5217391304347826,False,The learned model selected a different candidate from Optimal.
1750,19,18,18,0.5714285714285714,True,The learned model selected the same eviction candidate as Optimal.
1751,8,19,17,0.5833333333333334,False,The learned model selected a different candidate from Optimal.
1752,5,17,17,0.5833333333333334,True,The learned model selected the same eviction candidate as Optimal.
1753,10,5,5,0.3902439024390244,True,The learned model selected the same eviction candidate as Optimal.
1754,14,20,10,1.0,False,The learned model selected a different candidate from Optimal.
1755,1,10,10,0.46153846153846156,True,The learned model selected the same eviction candidate as Optimal.
1756,20,14,1,0.6,False,The learned model selected a different candidate from Optimal.
1757,12,1,20,0.5454545454545454,False,The learned model selected a different candidate from Optimal.
1759,19,8,20,0.5625,False,The learned model selected a different candidate from Optimal.
1760,14,12,20,0.8333333333333334,False,The learned model selected a different candidate from Optimal.
1761,6,14,20,0.5,False,The learned model selected a different candidate from Optimal.
1762,3,6,20,0.6666666666666666,False,The learned model selected a different candidate from Optimal.
1763,17,3,20,0.35714285714285715,False,The learned model selected a different candidate from Optimal.
1764,12,17,20,0.3870967741935484,False,The learned model selected a different candidate from Optimal.
1765,3,20,20,0.6666666666666666,True,The learned model selected the same eviction candidate as Optimal.
1766,17,12,19,0.47058823529411764,False,The learned model selected a different candidate from Optimal.
1767,18,19,19,0.75,True,The learned model selected the same eviction candidate as Optimal.
1771,1,3,17,0.4,False,The learned model selected a different candidate from Optimal.
1772,13,17,17,1.0,True,The learned model selected the same eviction candidate as Optimal.
1773,16,13,18,0.34782608695652173,False,The learned model selected a different candidate from Optimal.
1774,2,16,16,0.5454545454545454,True,The learned model selected the same eviction candidate as Optimal.
1775,13,2,18,0.5454545454545454,False,The learned model selected a different candidate from Optimal.
1776,12,1,13,0.5454545454545454,False,The learned model selected a different candidate from Optimal.
1777,9,18,13,0.8,False,The learned model selected a different candidate from Optimal.
1778,1,13,9,0.34146341463414637,False,The learned model selected a different candidate from Optimal.
1780,3,12,1,0.4,False,The learned model selected a different candidate from Optimal.
1781,12,3,1,0.3333333333333333,False,The learned model selected a different candidate from Optimal.
1782,8,1,1,0.2857142857142857,True,The learned model selected the same eviction candidate as Optimal.
1783,4,12,8,1.0,False,The learned model selected a different candidate from Optimal.
1784,19,9,8,0.8,False,The learned model selected a different candidate from Optimal.
1785,11,19,19,0.6,True,The learned model selected the same eviction candidate as Optimal.
1786,5,8,8,0.46875,True,The learned model selected the same eviction candidate as Optimal.
1787,2,5,4,0.46875,False,The learned model selected a different candidate from Optimal.
1788,12,11,4,0.5365853658536586,False,The learned model selected a different candidate from Optimal.
1789,18,2,4,0.4528301886792453,False,The learned model selected a different candidate from Optimal.
1790,11,12,4,0.8,False,The learned model selected a different candidate from Optimal.
1791,6,4,4,1.0,True,The learned model selected the same eviction candidate as Optimal.
1792,15,6,18,0.6153846153846154,False,The learned model selected a different candidate from Optimal.
1793,16,18,18,0.5714285714285714,True,The learned model selected the same eviction candidate as Optimal.
1794,6,11,16,0.5,False,The learned model selected a different candidate from Optimal.
1795,5,16,6,0.4888888888888889,False,The learned model selected a different candidate from Optimal.
1796,3,15,5,0.7368421052631579,False,The learned model selected a different candidate from Optimal.
1797,15,3,5,0.6363636363636364,False,The learned model selected a different candidate from Optimal.
1798,2,6,5,0.6666666666666666,False,The learned model selected a different candidate from Optimal.
1799,10,5,5,0.6666666666666666,True,The learned model selected the same eviction candidate as Optimal.
1800,7,2,15,0.5,False,The learned model selected a different candidate from Optimal.
1801,2,15,15,0.6956521739130435,True,The learned model selected the same eviction candidate as Optimal.
1804,11,10,7,0.6666666666666666,False,The learned model selected a different candidate from Optimal.
1805,10,11,11,0.48,True,The learned model selected the same eviction candidate as Optimal.
1806,17,7,10,0.6666666666666666,False,The learned model selected a different candidate from Optimal.
1807,13,2,17,0.5714285714285714,False,The learned model selected a different candidate from Optimal.
1808,18,10,17,0.40816326530612246,False,The learned model selected a different candidate from Optimal.
1809,16,18,18,0.4528301886792453,True,The learned model selected the same eviction candidate as Optimal.
1810,9,16,17,0.48484848484848486,False,The learned model selected a different candidate from Optimal.
1811,2,9,17,0.48484848484848486,False,The learned model selected a different candidate from Optimal.
1812,7,17,17,0.4927536231884058,True,The learned model selected the same eviction candidate as Optimal.
1813,10,7,7,1.0,True,The learned model selected the same eviction candidate as Optimal.
1814,12,10,10,1.0,True,The learned model selected the same eviction candidate as Optimal.
1816,11,12,2,0.4375,False,The learned model selected a different candidate from Optimal.
1817,9,11,2,0.7777777777777778,False,The learned model selected a different candidate from Optimal.
1818,4,2,2,1.0,True,The learned model selected the same eviction candidate as Optimal.
1819,12,4,4,0.45901639344262296,True,The learned model selected the same eviction candidate as Optimal.
1820,14,12,9,0.45901639344262296,False,The learned model selected a different candidate from Optimal.
1822,15,14,14,0.5573770491803278,True,The learned model selected the same eviction candidate as Optimal.
1824,11,15,13,0.5573770491803278,False,The learned model selected a different candidate from Optimal.
1825,6,11,13,0.5666666666666667,False,The learned model selected a different candidate from Optimal.
1826,16,6,13,0.576271186440678,False,The learned model selected a different candidate from Optimal.
1828,12,16,16,0.5862068965517241,True,The learned model selected the same eviction candidate as Optimal.
1829,17,12,13,1.0,False,The learned model selected a different candidate from Optimal.
1831,3,17,17,0.5862068965517241,True,The learned model selected the same eviction candidate as Optimal.
1832,14,3,13,0.5925925925925926,False,The learned model selected a different candidate from Optimal.
1833,3,9,13,0.5517241379310345,False,The learned model selected a different candidate from Optimal.
1835,20,14,13,0.8888888888888888,False,The learned model selected a different candidate from Optimal.
1836,6,3,13,0.5384615384615384,False,The learned model selected a different candidate from Optimal.
1837,18,13,13,0.6666666666666666,True,The learned model selected the same eviction candidate as Optimal.
1838,10,20,18,0.41025641025641024,False,The learned model selected a different candidate from Optimal.
1839,11,10,18,0.3,False,The learned model selected a different candidate from Optimal.
1840,4,6,18,0.4,False,The learned model selected a different candidate from Optimal.
1841,3,4,18,0.5,False,The learned model selected a different candidate from Optimal.
1843,10,3,18,1.0,False,The learned model selected a different candidate from Optimal.
1845,15,18,10,0.6666666666666666,False,The learned model selected a different candidate from Optimal.
1846,20,10,10,0.6666666666666666,True,The learned model selected the same eviction candidate as Optimal.
1847,14,15,11,0.7058823529411765,False,The learned model selected a different candidate from Optimal.
1848,6,14,11,0.6666666666666666,False,The learned model selected a different candidate from Optimal.
1849,15,11,11,0.0,True,The learned model selected the same eviction candidate as Optimal.
1850,12,15,6,0.0,False,The learned model selected a different candidate from Optimal.
1851,15,20,6,0.6666666666666666,False,The learned model selected a different candidate from Optimal.
1852,2,12,15,0.7272727272727273,False,The learned model selected a different candidate from Optimal.
1853,12,6,15,0.9090909090909091,False,The learned model selected a different candidate from Optimal.
1854,20,15,15,0.8,True,The learned model selected the same eviction candidate as Optimal.
1855,14,20,20,0.5714285714285714,True,The learned model selected the same eviction candidate as Optimal.
1856,9,2,14,0.35294117647058826,False,The learned model selected a different candidate from Optimal.
1857,2,9,14,0.38095238095238093,False,The learned model selected a different candidate from Optimal.
1858,3,14,14,0.3783783783783784,True,The learned model selected the same eviction candidate as Optimal.
1859,13,12,3,1.0,False,The learned model selected a different candidate from Optimal.
1860,12,2,13,0.4090909090909091,False,The learned model selected a different candidate from Optimal.
1861,17,12,13,0.75,False,The learned model selected a different candidate from Optimal.
1862,6,17,17,0.4186046511627907,True,The learned model selected the same eviction candidate as Optimal.
1863,1,6,6,0.4375,True,The learned model selected the same eviction candidate as Optimal.
1864,5,3,1,0.8571428571428571,False,The learned model selected a different candidate from Optimal.
1865,20,5,1,0.5714285714285714,False,The learned model selected a different candidate from Optimal.
1866,15,20,1,0.6666666666666666,False,The learned model selected a different candidate from Optimal.
1867,2,15,1,0.5714285714285714,False,The learned model selected a different candidate from Optimal.
1868,5,2,1,0.5,False,The learned model selected a different candidate from Optimal.
1869,3,5,1,0.6060606060606061,False,The learned model selected a different candidate from Optimal.
1870,8,3,1,0.6,False,The learned model selected a different candidate from Optimal.
1871,12,8,1,0.6,False,The learned model selected a different candidate from Optimal.
1874,19,12,1,0.6666666666666666,False,The learned model selected a different candidate from Optimal.
1875,2,19,1,0.6666666666666666,False,The learned model selected a different candidate from Optimal.
1876,20,1,2,0.6666666666666666,False,The learned model selected a different candidate from Optimal.
1877,5,20,2,0.6,False,The learned model selected a different candidate from Optimal.
1878,15,5,2,0.48,False,The learned model selected a different candidate from Optimal.
1879,12,15,2,0.375,False,The learned model selected a different candidate from Optimal.
1881,15,13,2,0.5384615384615384,False,The learned model selected a different candidate from Optimal.
1882,3,2,2,0.5,True,The learned model selected the same eviction candidate as Optimal.
1883,19,3,3,0.3448275862068966,True,The learned model selected the same eviction candidate as Optimal.
1884,5,19,19,0.5,True,The learned model selected the same eviction candidate as Optimal.
1885,17,5,5,0.36363636363636365,True,The learned model selected the same eviction candidate as Optimal.
1887,13,17,12,0.576271186440678,False,The learned model selected a different candidate from Optimal.
1888,11,12,12,1.0,True,The learned model selected the same eviction candidate as Optimal.
1889,9,13,11,0.5714285714285714,False,The learned model selected a different candidate from Optimal.
1890,8,11,11,0.6206896551724138,True,The learned model selected the same eviction candidate as Optimal.
1891,4,8,8,0.6206896551724138,True,The learned model selected the same eviction candidate as Optimal.
1892,1,4,15,0.6206896551724138,False,The learned model selected a different candidate from Optimal.
1893,6,15,1,0.5925925925925926,False,The learned model selected a different candidate from Optimal.
1894,16,1,1,0.5142857142857142,True,The learned model selected the same eviction candidate as Optimal.
1895,17,16,6,0.4838709677419355,False,The learned model selected a different candidate from Optimal.
1896,13,17,17,0.47619047619047616,True,The learned model selected the same eviction candidate as Optimal.
1897,18,13,13,0.6153846153846154,True,The learned model selected the same eviction candidate as Optimal.
1898,4,18,18,0.6666666666666666,True,The learned model selected the same eviction candidate as Optimal.
1901,15,9,9,0.6666666666666666,True,The learned model selected the same eviction candidate as Optimal.
1902,7,15,6,0.6842105263157895,False,The learned model selected a different candidate from Optimal.
1903,20,7,6,0.6842105263157895,False,The learned model selected a different candidate from Optimal.
1904,10,20,20,0.6842105263157895,True,The learned model selected the same eviction candidate as Optimal.
1905,16,10,10,0.7,True,The learned model selected the same eviction candidate as Optimal.
1906,7,16,16,0.7741935483870968,True,The learned model selected the same eviction candidate as Optimal.
1908,5,4,7,1.0,False,The learned model selected a different candidate from Optimal.
1909,3,5,5,0.6923076923076923,True,The learned model selected the same eviction candidate as Optimal.
1910,15,3,7,0.7142857142857143,False,The learned model selected a different candidate from Optimal.
1913,3,6,15,0.8,False,The learned model selected a different candidate from Optimal.
1914,11,3,15,0.9090909090909091,False,The learned model selected a different candidate from Optimal.
1915,12,11,11,0.631578947368421,True,The learned model selected the same eviction candidate as Optimal.
1916,3,12,15,0.7,False,The learned model selected a different candidate from Optimal.
1917,18,15,3,1.0,False,The learned model selected a different candidate from Optimal.
1919,10,18,3,0.72,False,The learned model selected a different candidate from Optimal.
1921,6,10,10,0.8888888888888888,True,The learned model selected the same eviction candidate as Optimal.
1923,12,6,6,0.9090909090909091,True,The learned model selected the same eviction candidate as Optimal.
1924,17,12,3,0.72,False,The learned model selected a different candidate from Optimal.
1925,8,17,17,0.6666666666666666,True,The learned model selected the same eviction candidate as Optimal.
1926,4,8,3,0.75,False,The learned model selected a different candidate from Optimal.
1928,5,4,7,0.6666666666666666,False,The learned model selected a different candidate from Optimal.
1929,8,5,7,0.6,False,The learned model selected a different candidate from Optimal.
1930,16,8,7,0.6206896551724138,False,The learned model selected a different candidate from Optimal.
1931,1,16,7,0.7619047619047619,False,The learned model selected a different candidate from Optimal.
1932,12,1,1,0.6,True,The learned model selected the same eviction candidate as Optimal.
1933,18,12,7,0.9090909090909091,False,The learned model selected a different candidate from Optimal.
1934,19,18,7,0.6511627906976745,False,The learned model selected a different candidate from Optimal.
1935,12,7,7,1.0,True,The learned model selected the same eviction candidate as Optimal.
1936,15,12,12,0.72,True,The learned model selected the same eviction candidate as Optimal.
1937,18,19,15,0.7142857142857143,False,The learned model selected a different candidate from Optimal.
1938,5,18,18,0.72,True,The learned model selected the same eviction candidate as Optimal.
1939,20,5,15,0.625,False,The learned model selected a different candidate from Optimal.
1942,10,20,20,0.6875,True,The learned model selected the same eviction candidate as Optimal.
1943,13,15,10,0.625,False,The learned model selected a different candidate from Optimal.
1944,16,3,13,0.9090909090909091,False,The learned model selected a different candidate from Optimal.
1945,17,10,13,0.7777777777777778,False,The learned model selected a different candidate from Optimal.
1946,14,17,13,0.6829268292682927,False,The learned model selected a different candidate from Optimal.
1948,19,13,13,0.6818181818181818,True,The learned model selected the same eviction candidate as Optimal.
1949,3,14,16,0.0,False,The learned model selected a different candidate from Optimal.
1950,5,16,16,1.0,True,The learned model selected the same eviction candidate as Optimal.
1951,11,3,19,0.21052631578947367,False,The learned model selected a different candidate from Optimal.
1952,3,19,11,0.7586206896551724,False,The learned model selected a different candidate from Optimal.
1953,15,11,3,0.717948717948718,False,The learned model selected a different candidate from Optimal.
1955,17,5,15,1.0,False,The learned model selected a different candidate from Optimal.
1956,12,15,15,0.6153846153846154,True,The learned model selected the same eviction candidate as Optimal.
1957,5,12,3,0.625,False,The learned model selected a different candidate from Optimal.
1958,18,3,3,0.7692307692307693,True,The learned model selected the same eviction candidate as Optimal.
1959,19,18,18,0.6451612903225806,True,The learned model selected the same eviction candidate as Optimal.
1960,6,17,19,0.8,False,The learned model selected a different candidate from Optimal.
1962,14,6,19,0.7407407407407407,False,The learned model selected a different candidate from Optimal.
1963,17,5,14,0.34146341463414637,False,The learned model selected a different candidate from Optimal.
1964,2,19,14,0.6666666666666666,False,The learned model selected a different candidate from Optimal.
1965,4,2,14,0.6666666666666666,False,The learned model selected a different candidate from Optimal.
1967,5,14,4,0.6666666666666666,False,The learned model selected a different candidate from Optimal.
1968,10,4,4,0.631578947368421,True,The learned model selected the same eviction candidate as Optimal.
1969,6,10,5,0.5714285714285714,False,The learned model selected a different candidate from Optimal.
1971,11,17,6,0.5517241379310345,False,The learned model selected a different candidate from Optimal.
1972,8,11,11,0.5454545454545454,True,The learned model selected the same eviction candidate as Optimal.
1973,12,5,8,1.0,False,The learned model selected a different candidate from Optimal.
1974,17,8,8,0.5,True,The learned model selected the same eviction candidate as Optimal.
1975,10,17,12,0.5517241379310345,False,The learned model selected a different candidate from Optimal.
1976,3,10,12,0.5454545454545454,False,The learned model selected a different candidate from Optimal.
1977,9,3,12,0.6666666666666666,False,The learned model selected a different candidate from Optimal.
1978,7,12,12,1.0,True,The learned model selected the same eviction candidate as Optimal.
1979,18,9,7,0.8,False,The learned model selected a different candidate from Optimal.
1980,9,7,7,0.6666666666666666,True,The learned model selected the same eviction candidate as Optimal.
1981,5,18,9,0.75,False,The learned model selected a different candidate from Optimal.
1982,10,5,9,0.6451612903225806,False,The learned model selected a different candidate from Optimal.
1983,20,9,10,0.782608695652174,False,The learned model selected a different candidate from Optimal.
1984,18,10,10,0.5217391304347826,True,The learned model selected the same eviction candidate as Optimal.
1985,3,20,18,0.8,False,The learned model selected a different candidate from Optimal.
1986,17,18,18,0.8,True,The learned model selected the same eviction candidate as Optimal.
1988,19,17,17,0.8,True,The learned model selected the same eviction candidate as Optimal.
1990,5,6,3,0.7857142857142857,False,The learned model selected a different candidate from Optimal.
1991,6,19,5,0.7857142857142857,False,The learned model selected a different candidate from Optimal.
1992,20,6,6,0.6046511627906976,True,The learned model selected the same eviction candidate as Optimal.
1994,11,5,20,1.0,False,The learned model selected a different candidate from Optimal.
1995,19,20,20,0.6666666666666666,True,The learned model selected the same eviction candidate as Optimal.
1996,2,19,19,0.6666666666666666,True,The learned model selected the same eviction candidate as Optimal.
1997,1,2,11,0.5263157894736842,False,The learned model selected a different candidate from Optimal.
1999,2,11,1,1.0,False,The learned model selected a different candidate from Optimal.
